LeagueID,SeasonID,TeamID,TeamCity,TeamName,Conference,Division,WINS,LOSSES,WinPCT,DivisionRank,HOME,ROAD,ThreePTSOrLess,TenPTSOrMore,LongWinStreak,LongLossStreak,PointsPG,OppPointsPG,DiffPointsPG,vsEast,vsAtlantic,vsCentral,vsSoutheast,vsWest,vsNorthwest,vsPacific,vsSouthwest,Jan,Feb,Mar,Apr,May,Jun,Jul,Aug,Sep,Oct,Nov,Dec
0,22010,1610612741,Chicago,Bulls,East,Central,62,20,0.756,1,36-5,26-15,9-5,31-5,9,2,99.0,91.0,7.0,39-13,10-8,15-1,14-4,23-7,7-3,7-3,9-1,12-4,8-3,13-3,8-0,,,,,,1-1,8-5,12-4
0,22010,1610612759,San Antonio,Spurs,West,Southwest,61,21,0.744,1,36-5,25-16,7-4,32-9,12,6,104.0,98.0,6.0,23-7,6-4,9-1,8-2,38-14,14-4,14-4,10-6,12-3,9-3,8-8,4-3,,,,,,1-1,14-1,13-2
0,22010,1610612747,Los Angeles,Lakers,West,Pacific,57,25,0.695,1,30-11,27-14,4-4,30-9,9,5,101.0,95.0,6.0,21-9,9-1,6-4,6-4,36-16,12-6,12-4,12-6,10-5,9-4,12-1,3-5,,,,,,3-0,10-5,10-5
0,22010,1610612748,Miami,Heat,East,Southeast,58,24,0.707,1,30-11,28-13,2-8,35-6,12,5,102.0,95.0,7.0,38-14,13-5,12-6,13-3,20-10,6-4,9-1,5-5,9-5,9-3,9-6,6-1,,,,,,3-1,7-7,15-1
0,22010,1610612738,Boston,Celtics,East,Atlantic,56,26,0.683,1,33-8,23-18,8-8,30-7,14,2,97.0,91.0,5.0,37-15,13-3,13-5,11-7,19-11,8-2,7-3,4-6,12-4,7-4,9-7,4-4,,,,,,2-1,11-3,11-3
0,22010,1610612742,Dallas,Mavericks,West,Southwest,57,25,0.695,2,29-12,28-13,10-6,22-8,12,6,100.0,96.0,4.0,22-8,9-1,4-6,9-1,35-17,12-6,15-3,8-8,8-8,11-1,10-6,4-3,,,,,,2-1,11-3,11-3
0,22010,1610612753,Orlando,Magic,East,Southeast,52,30,0.634,2,29-12,23-18,6-7,33-9,9,4,99.0,94.0,5.0,36-16,12-6,13-5,11-5,16-14,4-6,7-3,5-5,10-6,7-4,9-6,5-2,,,,,,1-1,12-3,8-8
0,22010,1610612760,Oklahoma City,Thunder,West,Northwest,55,27,0.671,1,30-11,25-16,10-5,22-8,6,3,105.0,101.0,4.0,22-8,6-4,8-2,8-2,33-19,13-3,12-6,8-10,7-6,6-5,14-2,5-3,,,,,,2-1,10-5,11-5
0,22010,1610612737,Atlanta,Hawks,East,Southeast,44,38,0.537,3,24-17,20-21,7-1,21-21,6,6,95.0,96.0,-1.0,31-21,10-8,12-6,9-7,13-17,5-5,6-4,2-8,9-4,6-6,7-8,1-6,,,,,,3-0,8-7,10-7
0,22010,1610612743,Denver,Nuggets,West,Northwest,50,32,0.61,2,33-8,17-24,7-8,29-10,7,3,107.0,103.0,5.0,20-10,5-5,8-2,7-3,30-22,9-7,12-6,9-9,10-7,7-6,10-3,5-3,,,,,,2-1,8-5,8-7
0,22010,1610612752,New York,Knicks,East,Atlantic,42,40,0.512,2,23-18,19-22,4-5,18-14,8,6,107.0,106.0,1.0,28-24,10-6,8-10,10-8,14-16,5-5,4-6,5-5,7-8,5-5,7-11,5-2,,,,,,1-2,9-7,8-5
0,22010,1610612757,Portland,Trail Blazers,West,Northwest,48,34,0.585,3,30-11,18-23,7-4,19-15,6,6,96.0,95.0,2.0,18-12,5-5,8-2,5-5,30-22,10-6,10-8,10-8,8-6,8-4,10-6,5-2,,,,,,3-0,5-9,9-7
0,22010,1610612740,New Orleans,Hornets,West,Southwest,46,36,0.561,3,28-13,18-23,8-6,16-17,10,4,95.0,94.0,1.0,19-11,4-6,6-4,9-1,27-25,9-9,9-9,9-7,12-4,4-8,8-6,3-4,,,,,,3-0,9-5,7-9
0,22010,1610612755,Philadelphia,76ers,East,Atlantic,41,41,0.5,3,26-15,15-26,3-8,26-13,4,5,99.0,98.0,2.0,25-27,9-7,9-9,7-11,16-14,6-4,6-4,4-6,8-6,9-3,9-7,2-5,,,,,,0-3,5-10,8-7
0,22010,1610612754,Indiana,Pacers,East,Central,37,45,0.451,2,24-17,13-28,7-6,19-28,4,6,100.0,101.0,-1.0,28-24,10-8,9-7,9-9,9-21,3-7,4-6,2-8,4-10,8-5,8-10,3-3,,,,,,2-1,7-6,5-10
0,22010,1610612763,Memphis,Grizzlies,West,Southwest,46,36,0.561,4,30-11,16-25,9-10,23-12,5,5,100.0,98.0,2.0,16-14,5-5,7-3,4-6,30-22,11-7,11-7,8-8,11-6,8-4,9-5,4-3,,,,,,2-1,6-9,6-8
0,22010,1610612745,Houston,Rockets,West,Southwest,43,39,0.524,5,25-16,18-23,7-8,21-11,5,5,106.0,104.0,2.0,18-12,7-3,7-3,4-6,25-27,9-9,11-7,5-11,6-11,8-4,9-5,4-3,,,,,,0-3,5-9,11-4
0,22010,1610612749,Milwaukee,Bucks,East,Central,35,47,0.427,3,22-19,13-28,3-8,16-21,3,5,92.0,93.0,-1.0,26-26,12-6,6-10,8-10,9-21,2-8,4-6,3-7,7-9,3-9,8-8,5-3,,,,,,1-2,5-9,6-7
0,22010,1610612756,Phoenix,Suns,West,Pacific,40,42,0.488,2,23-18,17-24,7-6,15-18,5,4,105.0,106.0,-1.0,17-13,6-4,7-3,4-6,23-29,9-9,9-7,5-13,8-7,9-3,5-11,4-4,,,,,,1-2,7-7,6-8
0,22010,1610612766,Charlotte,Bobcats,East,Southeast,34,48,0.415,4,21-20,13-28,11-7,9-24,4,6,93.0,97.0,-4.0,22-30,11-7,7-11,4-12,12-18,4-6,6-4,2-8,9-7,6-6,6-9,2-6,,,,,,0-3,6-8,5-9
0,22010,1610612762,Utah,Jazz,West,Northwest,39,43,0.476,4,21-20,18-23,6-4,16-24,7,8,99.0,101.0,-2.0,18-12,5-5,7-3,6-4,21-31,7-9,9-9,5-13,7-9,3-9,4-10,3-4,,,,,,1-2,13-3,8-6
0,22010,1610612765,Detroit,Pistons,East,Central,30,52,0.366,4,21-20,9-32,3-7,13-27,3,5,97.0,101.0,-4.0,22-30,9-9,7-9,6-12,8-22,1-9,5-5,2-8,6-9,5-8,4-9,4-4,,,,,,0-3,6-9,5-10
0,22010,1610612744,Golden State,Warriors,West,Pacific,36,46,0.439,3,26-15,10-31,4-4,14-24,4,7,103.0,106.0,-2.0,15-15,5-5,6-4,4-6,21-31,11-7,5-11,5-13,7-8,6-5,6-12,4-2,,,,,,2-1,6-9,5-9
0,22010,1610612751,New Jersey,Nets,East,Atlantic,24,58,0.293,4,19-22,5-36,7-7,4-34,5,8,94.0,100.0,-6.0,13-39,3-13,6-12,4-14,11-19,4-6,4-6,3-7,6-10,2-9,6-8,1-7,,,,,,2-1,4-11,3-12
0,22010,1610612746,Los Angeles,Clippers,West,Pacific,32,50,0.39,4,23-18,9-32,4-5,9-24,4,9,99.0,102.0,-3.0,13-17,3-7,5-5,5-5,19-33,7-11,7-9,5-13,9-5,2-12,8-6,3-4,,,,,,0-3,3-12,7-8
0,22010,1610612764,Washington,Wizards,East,Southeast,23,59,0.28,5,20-21,3-38,8-2,7-36,3,8,97.0,105.0,-7.0,16-36,8-10,5-13,3-13,7-23,4-6,1-9,2-8,5-11,2-10,3-12,5-3,,,,,,0-2,5-9,3-12
0,22010,1610612758,Sacramento,Kings,West,Pacific,24,58,0.293,5,11-30,13-28,8-8,7-23,4,8,99.0,105.0,-5.0,9-21,4-6,3-7,2-8,15-37,5-13,7-9,3-15,6-10,3-10,6-10,3-5,,,,,,2-1,2-11,2-11
0,22010,1610612761,Toronto,Raptors,East,Atlantic,22,60,0.268,5,16-25,6-35,2-7,8-30,4,13,99.0,105.0,-6.0,14-38,5-11,5-13,4-14,8-22,3-7,2-8,3-7,2-15,3-8,4-10,2-6,,,,,,1-1,5-10,5-10
0,22010,1610612739,Cleveland,Cavaliers,East,Central,19,63,0.232,5,12-29,7-34,2-5,2-38,3,26,95.0,104.0,-9.0,15-37,8-10,3-13,4-14,4-26,0-10,3-7,1-9,0-16,3-8,4-11,4-4,,,,,,1-2,6-8,1-14
0,22010,1610612750,Minnesota,Timberwolves,West,Northwest,17,65,0.207,5,12-29,5-36,3-10,11-33,2,15,101.0,108.0,-7.0,10-20,3-7,6-4,1-9,7-45,1-15,3-15,3-15,3-11,3-10,3-12,0-7,,,,,,1-2,3-11,4-12
0,22011,1610612741,Chicago,Bulls,East,Central,50,16,0.758,1,26-7,24-9,5-2,31-8,8,2,96.0,88.0,8.0,38-10,13-4,13-1,12-5,12-6,2-3,5-1,5-2,15-4,11-3,13-3,8-5,,,,,,,,3-1
0,22011,1610612759,San Antonio,Spurs,West,Southwest,50,16,0.758,1,28-5,22-11,5-4,31-7,11,2,104.0,96.0,7.0,15-3,6-0,4-2,5-1,35-13,10-6,13-3,12-4,10-8,11-2,12-3,14-2,,,,,,,,3-1
0,22011,1610612748,Miami,Heat,East,Southeast,46,20,0.697,1,28-5,18-15,6-2,29-10,9,3,98.0,93.0,6.0,35-13,14-3,12-5,9-5,11-7,3-3,3-3,5-1,12-5,11-2,10-6,9-7,,,,,,,,4-0
0,22011,1610612760,Oklahoma City,Thunder,West,Northwest,47,19,0.712,1,26-7,21-12,5-4,27-5,7,3,103.0,97.0,6.0,13-5,6-0,3-2,4-3,34-14,10-3,12-5,12-6,11-4,12-3,11-5,8-7,,,,,,,,5-0
0,22011,1610612747,Los Angeles,Lakers,West,Pacific,41,25,0.621,1,26-7,15-18,10-4,11-10,5,3,97.0,96.0,1.0,9-9,5-2,1-4,3-3,32-16,12-6,9-5,11-5,10-7,8-5,11-6,9-5,,,,,,,,3-2
0,22011,1610612754,Indiana,Pacers,East,Central,42,24,0.636,2,23-10,19-14,4-3,21-12,7,5,98.0,94.0,3.0,29-19,11-7,9-4,9-8,13-5,5-1,4-2,4-2,11-5,8-6,8-9,12-3,,,,,,,,3-1
0,22011,1610612738,Boston,Celtics,East,Atlantic,39,27,0.591,1,24-9,15-18,6-5,19-11,5,5,92.0,89.0,3.0,32-16,8-6,9-8,15-2,7-11,3-3,2-4,2-4,9-7,7-7,12-5,10-5,,,,,,,,1-3
0,22011,1610612763,Memphis,Grizzlies,West,Southwest,41,25,0.621,2,26-7,15-18,6-2,16-10,7,4,95.0,93.0,2.0,15-3,4-2,6-1,5-0,26-22,10-7,9-7,7-8,10-8,9-5,8-7,13-3,,,,,,,,1-2
0,22011,1610612737,Atlanta,Hawks,East,Southeast,40,26,0.606,2,23-10,17-16,6-8,17-13,4,3,97.0,93.0,3.0,31-17,9-8,11-6,11-3,9-9,4-2,3-4,2-3,13-5,4-9,11-8,9-3,,,,,,,,3-1
0,22011,1610612746,Los Angeles,Clippers,West,Pacific,40,26,0.606,2,24-9,16-17,7-6,17-7,6,3,98.0,95.0,3.0,11-7,3-3,2-3,6-1,29-19,12-7,7-7,10-5,11-4,8-6,11-9,9-5,,,,,,,,1-2
0,22011,1610612743,Denver,Nuggets,West,Northwest,38,28,0.576,2,20-13,18-15,6-6,18-11,6,5,104.0,101.0,3.0,16-2,5-1,5-1,6-0,22-26,6-7,9-8,7-11,12-5,5-10,9-7,10-4,,,,,,,,2-2
0,22011,1610612753,Orlando,Magic,East,Southeast,37,29,0.561,3,21-12,16-17,2-5,18-16,5,5,94.0,93.0,1.0,30-18,10-6,12-5,8-7,7-11,2-5,4-1,1-5,9-8,11-4,9-7,5-9,,,,,,,,3-1
0,22011,1610612742,Dallas,Mavericks,West,Southwest,36,30,0.545,3,23-10,13-20,7-8,16-15,6,4,96.0,95.0,1.0,10-8,5-2,2-3,3-3,26-22,10-8,8-9,8-5,13-5,7-7,9-8,6-7,,,,,,,,1-3
0,22011,1610612752,New York,Knicks,East,Atlantic,36,30,0.545,2,22-11,14-19,7-3,19-15,7,6,98.0,95.0,3.0,28-20,8-6,10-8,10-6,8-10,3-2,4-3,1-5,6-11,10-5,9-8,9-4,,,,,,,,2-2
0,22011,1610612755,Philadelphia,76ers,East,Atlantic,35,31,0.53,3,19-14,16-17,1-4,28-12,6,5,94.0,89.0,4.0,28-20,7-6,11-6,10-8,7-11,1-5,5-1,1-5,13-4,6-9,8-8,6-8,,,,,,,,2-2
0,22011,1610612762,Utah,Jazz,West,Northwest,36,30,0.545,3,25-8,11-22,7-6,15-14,6,4,100.0,99.0,1.0,11-7,3-4,4-2,4-1,25-23,9-4,9-9,7-10,11-4,4-11,11-8,9-4,,,,,,,,1-3
0,22011,1610612745,Houston,Rockets,West,Southwest,34,32,0.515,4,22-11,12-21,8-5,13-13,7,6,98.0,98.0,0.0,11-7,4-2,2-3,5-2,23-25,8-10,9-7,6-8,10-7,9-6,7-9,6-8,,,,,,,,2-2
0,22011,1610612749,Milwaukee,Bucks,East,Central,31,35,0.47,3,17-16,14-19,4-6,13-12,6,5,99.0,99.0,0.0,24-24,9-7,7-8,8-9,7-11,3-4,2-4,2-3,7-10,5-10,10-7,7-7,,,,,,,,2-1
0,22011,1610612756,Phoenix,Suns,West,Pacific,33,33,0.5,3,19-14,14-19,8-5,14-19,4,5,98.0,99.0,0.0,10-8,2-3,5-2,3-3,23-25,6-9,9-5,8-11,6-10,7-7,11-6,8-7,,,,,,,,1-3
0,22011,1610612765,Detroit,Pistons,East,Central,25,41,0.379,4,18-15,7-26,7-4,12-27,4,7,91.0,96.0,-5.0,20-28,7-9,4-11,9-8,5-13,1-5,3-3,1-5,3-16,8-6,7-8,6-8,,,,,,,,1-3
0,22011,1610612757,Portland,Trail Blazers,West,Northwest,28,38,0.424,4,20-13,8-25,3-11,17-17,3,7,97.0,98.0,-1.0,8-10,3-2,2-4,3-4,20-28,4-10,8-10,8-8,9-9,6-8,6-11,4-10,,,,,,,,3-0
0,22011,1610612761,Toronto,Raptors,East,Atlantic,23,43,0.348,4,13-20,10-23,1-7,12-21,3,8,91.0,94.0,-3.0,15-33,7-8,4-12,4-13,8-10,3-3,2-3,3-4,6-13,4-9,6-11,6-8,,,,,,,,1-2
0,22011,1610612750,Minnesota,Timberwolves,West,Northwest,26,40,0.394,5,13-20,13-20,7-7,13-16,3,11,98.0,100.0,-2.0,7-11,2-3,2-5,3-3,19-29,4-9,7-11,8-9,10-8,8-7,7-10,1-12,,,,,,,,0-3
0,22011,1610612751,New Jersey,Nets,East,Atlantic,22,44,0.333,5,9-24,13-20,6-2,8-26,3,8,93.0,99.0,-6.0,16-32,5-9,5-12,6-11,6-12,0-6,5-2,1-4,6-12,4-10,8-10,3-9,,,,,,,,1-3
0,22011,1610612739,Cleveland,Cavaliers,East,Central,21,45,0.318,5,11-22,10-23,5-6,9-26,3,9,93.0,100.0,-7.0,13-35,6-12,3-12,4-11,8-10,3-3,3-3,2-4,7-10,5-8,4-13,4-12,,,,,,,,1-2
0,22011,1610612744,Golden State,Warriors,West,Pacific,23,43,0.348,4,12-21,11-22,5-12,7-16,3,8,98.0,101.0,-3.0,7-11,1-6,3-3,3-2,16-32,6-11,7-8,3-13,5-10,7-6,6-12,3-13,,,,,,,,2-2
0,22011,1610612758,Sacramento,Kings,West,Pacific,22,44,0.333,5,16-17,6-27,6-7,6-24,3,7,99.0,104.0,-6.0,6-12,2-4,2-5,2-3,16-32,7-12,3-10,6-10,5-12,6-7,6-12,4-10,,,,,,,,1-3
0,22011,1610612764,Washington,Wizards,East,Southeast,20,46,0.303,4,11-22,9-24,6-5,11-26,6,8,94.0,98.0,-5.0,16-32,4-14,5-11,7-7,4-14,2-4,1-5,1-5,4-14,3-11,5-11,8-7,,,,,,,,0-3
0,22011,1610612740,New Orleans,Hornets,West,Southwest,21,45,0.318,5,11-22,10-23,4-9,6-19,4,9,90.0,93.0,-4.0,7-11,3-2,2-5,2-4,14-34,6-11,5-12,3-11,2-16,4-10,5-12,8-6,,,,,,,,2-1
0,22011,1610612766,Charlotte,Bobcats,East,Southeast,7,59,0.106,5,4-29,3-30,2-4,2-38,1,23,87.0,101.0,-14.0,5-43,3-14,1-15,1-14,2-16,0-6,1-4,1-6,2-17,1-10,3-14,0-16,,,,,,,,1-2
0,22012,1610612748,Miami,Heat,East,Southeast,66,16,0.805,1,37-4,29-12,9-3,39-8,27,2,103.0,95.0,8.0,41-11,14-4,12-6,15-1,25-5,8-2,8-2,9-1,8-5,12-1,17-1,8-1,,,,,,1-0,10-3,10-5
0,22012,1610612760,Oklahoma City,Thunder,West,Northwest,60,22,0.732,1,34-7,26-15,3-6,44-6,12,3,106.0,97.0,9.0,21-9,7-3,8-2,6-4,39-13,10-6,16-2,13-5,11-5,7-4,12-5,6-2,,,,,,,13-4,11-2
0,22012,1610612752,New York,Knicks,East,Atlantic,54,28,0.659,1,31-10,23-18,7-5,31-12,13,4,100.0,96.0,4.0,37-15,10-6,12-6,15-3,17-13,6-4,5-5,6-4,7-6,6-5,12-6,8-2,,,,,,,11-4,10-5
0,22012,1610612759,San Antonio,Spurs,West,Southwest,58,24,0.707,1,35-6,23-18,9-5,31-10,11,3,103.0,97.0,6.0,25-5,8-2,9-1,8-2,33-19,9-9,12-6,12-4,12-3,8-3,10-4,3-6,,,,,,1-0,12-4,12-4
0,22012,1610612754,Indiana,Pacers,East,Central,49,32,0.605,1,30-11,19-21,4-9,27-14,5,3,95.0,91.0,4.0,31-20,6-11,13-3,12-6,18-12,3-7,7-3,8-2,9-6,9-3,11-5,2-5,,,,,,1-0,7-8,10-5
0,22012,1610612743,Denver,Nuggets,West,Northwest,57,25,0.695,2,38-3,19-22,11-7,28-8,15,3,106.0,101.0,5.0,19-11,5-5,10-0,4-6,38-14,11-5,14-4,13-5,12-3,8-4,13-2,7-1,,,,,,0-1,8-8,9-6
0,22012,1610612751,Brooklyn,Nets,East,Atlantic,49,33,0.598,2,26-15,23-18,9-4,23-17,7,5,97.0,95.0,2.0,36-16,11-5,13-5,12-6,13-17,5-5,5-5,3-7,11-4,7-5,8-7,7-2,,,,,,,11-4,5-11
0,22012,1610612746,Los Angeles,Clippers,West,Pacific,56,26,0.683,1,32-9,24-17,3-5,38-12,17,4,101.0,95.0,6.0,21-9,7-3,8-2,6-4,35-17,12-6,11-5,12-6,9-7,8-5,7-7,7-1,,,,,,1-0,8-6,16-0
0,22012,1610612763,Memphis,Grizzlies,West,Southwest,56,26,0.683,2,32-9,24-17,6-4,28-9,8,3,93.0,89.0,4.0,22-8,8-2,8-2,6-4,34-18,12-6,12-6,10-6,10-7,9-2,11-6,7-2,,,,,,0-1,12-1,7-7
0,22012,1610612741,Chicago,Bulls,East,Central,45,37,0.549,2,24-17,21-20,11-7,16-16,3,3,93.0,93.0,0.0,34-18,13-5,9-7,12-6,11-19,4-6,5-5,2-8,12-4,5-8,7-7,5-5,,,,,,1-0,6-7,9-6
0,22012,1610612737,Atlanta,Hawks,East,Southeast,44,38,0.537,2,25-16,19-22,5-5,19-20,6,4,98.0,98.0,0.0,29-23,7-11,11-7,11-5,15-15,6-4,5-5,4-6,7-9,7-4,8-10,3-5,,,,,,,9-5,10-5
0,22012,1610612744,Golden State,Warriors,West,Pacific,47,35,0.573,2,28-13,19-22,5-3,20-18,5,6,101.0,100.0,1.0,19-11,7-3,5-5,7-3,28-24,10-8,9-7,9-9,8-7,4-8,9-7,5-3,,,,,,1-0,8-6,12-4
0,22012,1610612747,Los Angeles,Lakers,West,Pacific,45,37,0.549,3,29-12,16-25,8-5,18-17,5,6,102.0,101.0,1.0,17-13,6-4,6-4,5-5,28-24,9-9,8-8,11-7,5-11,9-4,9-6,7-1,,,,,,0-2,8-6,7-7
0,22012,1610612738,Boston,Celtics,East,Atlantic,41,40,0.506,3,27-13,14-27,8-7,18-23,7,6,97.0,97.0,0.0,27-24,7-9,8-9,12-6,14-16,6-4,6-4,2-8,8-7,8-4,8-8,3-5,,,,,,0-1,9-6,5-9
0,22012,1610612745,Houston,Rockets,West,Southwest,45,37,0.549,3,29-12,16-25,5-5,26-13,5,7,106.0,102.0,3.0,21-9,7-3,7-3,7-3,24-28,8-10,10-8,6-10,8-9,6-5,9-5,5-4,,,,,,1-0,6-8,10-6
0,22012,1610612749,Milwaukee,Bucks,East,Central,38,44,0.463,3,21-20,17-24,7-5,13-25,4,5,99.0,100.0,-2.0,24-28,11-7,7-9,6-12,14-16,4-6,7-3,3-7,8-7,4-8,7-9,3-7,,,,,,,7-7,9-6
0,22012,1610612755,Philadelphia,76ers,East,Atlantic,34,48,0.415,4,23-18,11-30,4-5,13-24,3,7,93.0,97.0,-3.0,22-30,7-9,7-11,8-10,12-18,3-7,5-5,4-6,5-9,3-8,8-9,4-5,,,,,,1-0,9-6,4-11
0,22012,1610612762,Utah,Jazz,West,Northwest,43,39,0.524,3,30-11,13-28,5-7,19-21,5,4,98.0,98.0,0.0,17-13,5-5,5-5,7-3,26-26,9-7,9-9,8-10,10-4,6-6,7-9,5-3,,,,,,1-0,8-8,6-9
0,22012,1610612742,Dallas,Mavericks,West,Southwest,41,41,0.5,4,24-17,17-24,5-8,17-19,4,6,101.0,102.0,-1.0,17-13,5-5,6-4,6-4,24-28,7-11,10-8,7-9,7-8,6-5,11-5,5-4,,,,,,1-1,6-8,5-10
0,22012,1610612761,Toronto,Raptors,East,Atlantic,34,48,0.415,5,21-20,13-28,8-8,16-22,5,6,97.0,99.0,-1.0,22-30,5-11,8-10,9-9,12-18,4-6,4-6,4-6,5-10,7-5,4-11,7-2,,,,,,0-1,4-12,7-7
0,22012,1610612757,Portland,Trail Blazers,West,Northwest,33,49,0.402,4,22-19,11-30,9-6,13-24,5,13,98.0,101.0,-3.0,15-15,5-5,5-5,5-5,18-34,6-10,5-13,7-11,8-8,3-9,7-9,0-9,,,,,,1-0,5-10,9-4
0,22012,1610612765,Detroit,Pistons,East,Central,29,53,0.354,4,18-23,11-30,6-10,15-29,4,10,95.0,99.0,-4.0,25-27,6-12,8-8,11-7,4-26,1-9,2-8,1-9,6-7,6-8,1-13,5-3,,,,,,0-1,5-11,6-10
0,22012,1610612764,Washington,Wizards,East,Southeast,29,53,0.354,3,22-19,7-34,6-9,13-17,4,12,93.0,96.0,-3.0,15-37,5-13,5-13,5-11,14-16,6-4,4-6,4-6,7-9,7-5,9-8,2-7,,,,,,0-1,1-12,3-11
0,22012,1610612750,Minnesota,Timberwolves,West,Northwest,31,51,0.378,5,20-21,11-30,3-10,15-26,4,6,96.0,98.0,-2.0,14-16,4-6,7-3,3-7,17-35,4-12,5-13,8-10,3-12,3-10,6-11,5-5,,,,,,,7-8,7-5
0,22012,1610612758,Sacramento,Kings,West,Pacific,28,54,0.341,4,20-21,8-33,7-3,12-31,3,6,100.0,105.0,-5.0,14-16,4-6,4-6,6-4,14-38,5-13,7-9,2-16,6-11,3-9,7-8,1-7,,,,,,0-1,4-10,7-8
0,22012,1610612739,Cleveland,Cavaliers,East,Central,24,58,0.293,5,14-27,10-31,6-11,7-27,3,10,97.0,101.0,-5.0,18-34,5-13,3-13,10-8,6-24,3-7,2-8,1-9,6-8,7-5,2-12,2-8,,,,,,1-0,3-12,3-13
0,22012,1610612740,New Orleans,Hornets,West,Southwest,27,55,0.329,5,16-25,11-30,7-5,10-27,4,11,94.0,98.0,-4.0,12-18,3-7,5-5,4-6,15-37,5-13,5-13,5-11,8-8,5-8,6-9,1-7,,,,,,0-1,4-9,3-13
0,22012,1610612766,Charlotte,Bobcats,East,Southeast,21,61,0.256,4,15-26,6-35,6-6,6-37,3,18,93.0,103.0,-9.0,18-34,6-12,6-12,6-10,3-27,2-8,0-10,1-9,3-11,2-10,4-12,4-5,,,,,,,7-8,1-15
0,22012,1610612753,Orlando,Magic,East,Southeast,20,62,0.244,5,12-29,8-33,2-9,8-30,4,12,94.0,101.0,-7.0,10-42,2-16,5-13,3-13,10-20,3-7,6-4,1-9,2-12,2-11,3-13,1-7,,,,,,,5-10,7-9
0,22012,1610612756,Phoenix,Suns,West,Pacific,25,57,0.305,5,17-24,8-33,6-8,10-31,4,10,95.0,102.0,-6.0,8-22,1-9,4-6,3-7,17-35,5-13,5-11,7-11,5-9,4-9,3-12,2-6,,,,,,0-1,7-9,4-11
0,22013,1610612759,San Antonio,Spurs,West,Southwest,62,20,0.756,1,32-9,30-11,7-0,35-12,19,3,105.0,98.0,8.0,24-6,8-2,7-3,9-1,38-14,11-7,15-3,12-4,8-6,9-3,16-0,4-4,,,,,,1-0,13-3,11-4
0,22013,1610612754,Indiana,Pacers,East,Central,56,26,0.683,1,35-6,21-20,4-3,29-17,9,4,97.0,92.0,4.0,38-14,15-3,12-4,11-7,18-12,6-4,7-3,5-5,10-5,9-3,8-10,4-3,,,,,,2-0,13-1,10-4
0,22013,1610612760,Oklahoma City,Thunder,West,Northwest,59,23,0.72,1,34-7,25-16,10-4,33-8,10,3,106.0,100.0,6.0,23-7,8-2,8-2,7-3,36-16,11-5,12-6,13-5,13-4,6-5,10-4,5-4,,,,,,1-0,10-3,14-3
0,22013,1610612748,Miami,Heat,East,Southeast,54,28,0.659,1,32-9,22-19,8-7,29-10,10,3,102.0,97.0,5.0,34-18,9-9,13-5,12-4,20-10,6-4,8-2,6-4,8-6,9-1,10-8,3-6,,,,,,1-1,12-2,11-4
0,22013,1610612761,Toronto,Raptors,East,Atlantic,48,34,0.585,1,26-15,22-19,3-8,24-6,5,5,101.0,98.0,3.0,32-20,11-5,13-5,8-10,16-14,6-4,3-7,7-3,11-6,7-5,10-6,6-2,,,,,,1-0,5-9,8-6
0,22013,1610612746,Los Angeles,Clippers,West,Pacific,57,25,0.695,1,34-7,23-18,4-3,30-9,11,2,108.0,101.0,7.0,21-9,9-1,7-3,5-5,36-16,12-6,12-4,12-6,12-4,7-4,13-2,4-3,,,,,,1-1,11-4,9-7
0,22013,1610612745,Houston,Rockets,West,Southwest,54,28,0.659,2,33-8,21-20,7-6,30-9,8,3,108.0,103.0,5.0,23-7,7-3,8-2,8-2,31-21,11-7,9-9,11-5,10-4,8-2,10-4,5-5,,,,,,1-0,12-5,8-8
0,22013,1610612741,Chicago,Bulls,East,Central,48,34,0.585,2,27-14,21-20,6-5,27-19,7,4,94.0,92.0,2.0,35-17,12-6,11-5,12-6,13-17,3-7,6-4,4-6,11-4,9-4,10-6,6-2,,,,,,1-1,6-7,5-10
0,22013,1610612757,Portland,Trail Blazers,West,Northwest,54,28,0.659,2,31-10,23-18,8-9,24-13,11,4,107.0,103.0,4.0,23-7,9-1,9-1,5-5,31-21,13-3,10-8,8-10,8-6,7-5,8-9,6-1,,,,,,0-1,13-2,12-4
0,22013,1610612764,Washington,Wizards,East,Southeast,44,38,0.537,2,22-19,22-19,5-9,19-14,6,4,101.0,99.0,1.0,33-19,13-5,10-8,10-6,11-19,4-6,5-5,2-8,8-9,8-5,8-8,6-2,,,,,,0-1,8-8,6-5
0,22013,1610612751,Brooklyn,Nets,East,Atlantic,44,38,0.537,2,28-13,16-25,8-3,17-20,5,5,99.0,100.0,-1.0,26-26,9-7,7-11,10-8,18-12,5-5,6-4,7-3,10-3,7-5,12-4,5-5,,,,,,0-1,5-11,5-9
0,22013,1610612744,Golden State,Warriors,West,Pacific,51,31,0.622,2,27-14,24-17,11-8,28-9,10,3,104.0,99.0,5.0,20-10,7-3,7-3,6-4,31-21,11-7,11-5,9-9,9-6,7-4,9-5,6-3,,,,,,1-1,8-7,11-5
0,22013,1610612766,Charlotte,Bobcats,East,Southeast,43,39,0.524,3,25-16,18-23,8-8,18-19,5,5,97.0,97.0,0.0,30-22,11-7,13-5,6-10,13-17,4-6,6-4,3-7,7-9,6-4,9-7,7-1,,,,,,0-1,8-8,6-9
0,22013,1610612763,Memphis,Grizzlies,West,Southwest,50,32,0.61,3,27-14,23-18,10-4,18-13,6,5,96.0,95.0,2.0,21-9,6-4,7-3,8-2,29-23,11-7,14-4,4-12,12-3,7-5,12-5,6-2,,,,,,0-1,8-7,5-9
0,22013,1610612737,Atlanta,Hawks,East,Southeast,38,44,0.463,4,24-17,14-27,8-9,15-16,5,8,101.0,101.0,0.0,28-24,10-8,10-8,8-8,10-20,4-6,4-6,2-8,6-7,2-10,6-10,6-3,,,,,,0-1,9-8,9-5
0,22013,1610612742,Dallas,Mavericks,West,Southwest,49,33,0.598,4,26-15,23-18,11-11,23-10,5,3,105.0,102.0,2.0,20-10,5-5,9-1,6-4,29-23,10-8,10-8,9-7,9-8,9-3,8-6,5-3,,,,,,1-0,9-8,8-5
0,22013,1610612756,Phoenix,Suns,West,Pacific,48,34,0.585,3,26-15,22-19,2-9,19-7,6,4,105.0,103.0,3.0,20-10,7-3,6-4,7-3,28-24,13-5,8-8,7-11,9-7,6-6,10-6,4-4,,,,,,1-0,8-8,10-3
0,22013,1610612752,New York,Knicks,East,Atlantic,37,45,0.451,3,19-22,18-23,3-8,19-22,8,9,99.0,99.0,-1.0,26-26,10-6,9-9,7-11,11-19,4-6,4-6,3-7,10-6,2-11,11-5,5-2,,,,,,1-1,2-11,6-9
0,22013,1610612750,Minnesota,Timberwolves,West,Northwest,40,42,0.488,3,24-17,16-25,5-6,26-18,3,4,107.0,104.0,3.0,17-13,5-5,7-3,5-5,23-29,7-9,7-11,9-9,8-7,5-6,8-8,4-5,,,,,,1-0,8-9,6-7
0,22013,1610612739,Cleveland,Cavaliers,East,Central,33,49,0.402,3,19-22,14-27,7-5,13-27,6,6,98.0,102.0,-3.0,21-31,8-10,7-9,6-12,12-18,6-4,5-5,1-9,6-9,8-6,6-9,3-4,,,,,,1-0,4-12,5-9
0,22013,1610612765,Detroit,Pistons,East,Central,29,53,0.354,4,17-24,12-29,2-6,16-25,4,6,101.0,105.0,-4.0,23-29,11-7,6-10,6-12,6-24,2-8,3-7,1-9,4-8,5-8,4-12,2-6,,,,,,1-0,5-10,8-9
0,22013,1610612743,Denver,Nuggets,West,Northwest,36,46,0.439,4,22-19,14-27,8-5,16-24,7,8,104.0,107.0,-2.0,16-14,5-5,5-5,6-4,20-32,5-11,8-10,7-11,8-7,3-9,7-10,4-4,,,,,,0-1,9-5,5-10
0,22013,1610612738,Boston,Celtics,East,Atlantic,25,57,0.305,4,16-25,9-32,5-9,9-23,4,9,96.0,101.0,-4.0,21-31,5-11,6-12,10-8,4-26,3-7,1-9,0-10,2-15,5-6,3-12,2-6,,,,,,0-1,7-11,6-6
0,22013,1610612740,New Orleans,Pelicans,West,Southwest,34,48,0.415,5,22-19,12-29,7-8,10-21,5,8,100.0,102.0,-3.0,19-11,6-4,8-2,5-5,15-37,7-11,4-14,4-12,5-11,4-9,9-7,2-6,,,,,,0-1,7-7,7-7
0,22013,1610612758,Sacramento,Kings,West,Pacific,28,54,0.341,4,17-24,11-30,4-9,12-26,3,7,101.0,103.0,-3.0,13-17,5-5,4-6,4-6,15-37,6-12,3-13,6-12,5-11,5-7,6-10,2-6,,,,,,1-0,3-10,6-10
0,22013,1610612753,Orlando,Magic,East,Southeast,23,59,0.28,5,19-22,4-37,5-7,10-30,3,10,97.0,102.0,-5.0,17-35,7-11,6-12,4-12,6-24,3-7,2-8,1-9,3-14,5-7,3-11,2-6,,,,,,0-2,6-8,4-11
0,22013,1610612755,Philadelphia,76ers,East,Atlantic,19,63,0.232,5,10-31,9-32,6-3,4-46,4,26,99.0,110.0,-10.0,14-38,5-11,4-14,5-13,5-25,2-8,2-8,1-9,6-11,0-11,1-15,3-5,,,,,,1-0,5-11,3-10
0,22013,1610612747,Los Angeles,Lakers,West,Pacific,27,55,0.329,5,14-27,13-28,5-5,12-33,3,7,103.0,109.0,-6.0,12-18,6-4,3-7,3-7,15-37,5-13,6-10,4-14,3-12,4-8,5-9,2-7,,,,,,1-1,8-7,4-11
0,22013,1610612749,Milwaukee,Bucks,East,Central,15,67,0.183,5,10-31,5-36,4-5,4-33,1,11,95.0,104.0,-8.0,12-40,5-13,4-12,3-15,3-27,1-9,2-8,0-10,1-14,3-8,3-14,1-7,,,,,,0-1,3-12,4-11
0,22013,1610612762,Utah,Jazz,West,Northwest,25,57,0.305,5,16-25,9-32,5-4,9-39,3,8,95.0,102.0,-7.0,12-18,3-7,3-7,6-4,13-39,4-12,6-12,3-15,6-6,5-7,2-15,2-5,,,,,,0-1,3-14,7-9
0,22014,1610612737,Atlanta,Hawks,East,Southeast,60,22,0.732,1,35-6,25-16,6-4,30-10,19,3,103.0,97.0,5.0,38-14,12-6,14-4,12-4,22-8,8-2,8-2,6-4,17-0,7-4,9-7,4-3,,,,,,0-1,9-5,14-2
0,22014,1610612744,Golden State,Warriors,West,Pacific,67,15,0.817,1,39-2,28-13,5-3,45-9,16,2,110.0,100.0,10.0,25-5,9-1,7-3,9-1,42-10,15-3,13-3,14-4,12-3,8-3,16-2,6-2,,,,,,1-0,13-2,11-3
0,22014,1610612739,Cleveland,Cavaliers,East,Central,53,29,0.646,1,31-10,22-19,6-4,30-14,12,6,103.0,99.0,4.0,35-17,12-6,11-5,12-6,18-12,6-4,7-3,5-5,11-6,8-3,11-4,5-2,,,,,,1-1,7-6,10-7
0,22014,1610612745,Houston,Rockets,West,Southwest,56,26,0.683,1,30-11,26-15,8-4,31-14,6,2,104.0,100.0,3.0,23-7,9-1,8-2,6-4,33-19,15-3,10-8,8-8,11-6,7-3,10-6,6-2,,,,,,2-0,11-4,9-5
0,22014,1610612741,Chicago,Bulls,East,Central,50,32,0.61,2,27-14,23-18,7-2,20-16,7,3,101.0,98.0,3.0,33-19,16-2,8-8,9-9,17-13,6-4,5-5,6-4,8-9,7-3,8-7,5-3,,,,,,1-1,10-5,11-4
0,22014,1610612746,Los Angeles,Clippers,West,Pacific,56,26,0.683,2,30-11,26-15,3-5,33-9,9,4,107.0,100.0,7.0,19-11,7-3,6-4,6-4,37-15,15-3,12-4,10-8,11-4,5-6,11-5,7-0,,,,,,2-0,9-5,11-6
0,22014,1610612757,Portland,Trail Blazers,West,Northwest,51,31,0.622,1,32-9,19-22,5-1,30-11,9,5,103.0,99.0,4.0,20-10,8-2,7-3,5-5,31-21,11-5,10-8,10-8,6-9,6-3,10-6,3-6,,,,,,1-1,12-3,13-3
0,22014,1610612761,Toronto,Raptors,East,Atlantic,49,33,0.598,1,27-14,22-19,6-5,29-11,6,5,104.0,101.0,3.0,33-19,11-5,8-10,14-4,16-14,7-3,6-4,3-7,9-7,4-7,7-8,5-3,,,,,,1-0,12-4,11-4
0,22014,1610612763,Memphis,Grizzlies,West,Southwest,55,27,0.671,2,31-10,24-17,9-3,26-13,8,4,98.0,95.0,3.0,20-10,8-2,5-5,7-3,35-17,13-5,13-5,9-7,12-4,7-4,9-8,4-3,,,,,,2-0,13-2,8-6
0,22014,1610612764,Washington,Wizards,East,Southeast,46,36,0.561,2,29-12,17-24,9-4,21-14,6,6,99.0,98.0,1.0,30-22,11-7,9-9,10-6,16-14,6-4,4-6,6-4,9-8,3-9,7-7,5-3,,,,,,1-1,9-4,12-4
0,22014,1610612749,Milwaukee,Bucks,East,Central,41,41,0.5,3,23-18,18-23,5-9,17-16,5,6,98.0,97.0,0.0,30-22,14-4,7-9,9-9,11-19,5-5,5-5,1-9,8-6,7-5,4-11,5-3,,,,,,1-1,9-7,7-8
0,22014,1610612759,San Antonio,Spurs,West,Southwest,55,27,0.671,3,33-8,22-19,6-7,34-7,11,4,103.0,97.0,6.0,23-7,7-3,7-3,9-1,32-20,12-6,12-6,8-8,10-4,6-5,12-3,7-1,,,,,,1-1,11-3,8-10
0,22014,1610612738,Boston,Celtics,East,Atlantic,40,42,0.488,2,21-20,19-22,8-6,17-14,6,5,101.0,101.0,0.0,28-24,12-4,9-9,7-11,12-18,6-4,3-7,3-7,5-11,7-4,10-8,7-1,,,,,,1-0,3-10,7-8
0,22014,1610612742,Dallas,Mavericks,West,Southwest,50,32,0.61,4,27-14,23-18,5-4,22-18,6,4,105.0,102.0,3.0,21-9,9-1,5-5,7-3,29-23,13-5,9-9,7-9,9-7,7-5,6-7,5-3,,,,,,1-1,12-4,10-5
0,22014,1610612740,New Orleans,Pelicans,West,Southwest,45,37,0.549,5,28-13,17-24,10-4,19-14,5,4,99.0,99.0,1.0,16-14,6-4,5-5,5-5,29-23,10-8,11-7,8-8,9-6,6-5,8-7,6-3,,,,,,1-0,6-8,9-8
0,22014,1610612751,Brooklyn,Nets,East,Atlantic,38,44,0.463,3,19-22,19-22,10-2,15-23,6,7,98.0,101.0,-3.0,24-28,10-6,7-11,7-11,14-16,6-4,6-4,2-8,3-12,6-5,9-7,5-4,,,,,,0-1,6-8,9-7
0,22014,1610612754,Indiana,Pacers,East,Central,38,44,0.463,4,23-18,15-26,4-12,19-20,7,8,97.0,97.0,0.0,28-24,9-9,8-8,11-7,10-20,4-6,2-8,4-6,5-11,7-2,8-8,6-2,,,,,,1-1,6-9,5-11
0,22014,1610612760,Oklahoma City,Thunder,West,Northwest,45,37,0.549,2,29-12,16-25,4-8,26-14,7,6,104.0,102.0,2.0,20-10,6-4,5-5,9-1,25-27,10-6,11-7,4-14,7-7,9-3,10-5,3-5,,,,,,0-2,5-10,11-5
0,22014,1610612748,Miami,Heat,East,Southeast,37,45,0.451,3,20-21,17-24,4-10,15-28,3,4,95.0,97.0,-3.0,25-27,14-4,5-13,6-10,12-18,4-6,7-3,1-9,6-7,5-7,9-7,3-5,,,,,,1-0,8-7,5-12
0,22014,1610612756,Phoenix,Suns,West,Pacific,39,43,0.476,3,22-19,17-24,4-12,14-19,6,6,102.0,103.0,-1.0,18-12,8-2,6-4,4-6,21-31,9-9,6-10,6-12,10-5,3-8,7-8,1-6,,,,,,2-0,8-8,8-8
0,22014,1610612762,Utah,Jazz,West,Northwest,38,44,0.463,3,21-20,17-24,5-10,18-19,6,9,95.0,95.0,0.0,15-15,6-4,6-4,3-7,23-29,9-7,7-11,7-11,6-9,6-5,10-6,5-3,,,,,,0-2,5-10,6-9
0,22014,1610612766,Charlotte,Hornets,East,Southeast,33,49,0.402,4,19-22,14-27,6-8,13-22,5,10,94.0,97.0,-3.0,25-27,10-8,7-11,8-8,8-22,5-5,2-8,1-9,10-4,3-6,8-9,2-7,,,,,,1-0,3-14,6-9
0,22014,1610612743,Denver,Nuggets,West,Northwest,30,52,0.366,4,19-22,11-30,4-4,17-28,5,7,101.0,105.0,-4.0,11-19,1-9,6-4,4-6,19-33,6-10,8-10,5-13,6-10,1-9,8-8,2-6,,,,,,1-0,7-8,5-11
0,22014,1610612765,Detroit,Pistons,East,Central,32,50,0.39,5,18-23,14-27,7-6,19-25,7,13,99.0,100.0,-1.0,23-29,8-10,6-10,9-9,9-21,2-8,3-7,4-6,10-7,5-6,6-9,3-5,,,,,,0-2,3-12,5-9
0,22014,1610612753,Orlando,Magic,East,Southeast,25,57,0.305,5,13-28,12-29,6-8,4-27,3,10,96.0,101.0,-6.0,15-37,6-12,5-13,4-12,10-20,4-6,4-6,2-8,2-13,4-6,3-11,3-5,,,,,,0-2,7-10,6-10
0,22014,1610612758,Sacramento,Kings,West,Pacific,29,53,0.354,4,18-23,11-30,6-4,12-28,5,8,101.0,105.0,-4.0,11-19,4-6,4-6,3-7,18-34,8-10,7-9,3-15,4-10,3-7,6-11,3-6,,,,,,1-1,8-7,4-11
0,22014,1610612747,Los Angeles,Lakers,West,Pacific,21,61,0.256,5,12-29,9-32,6-6,5-30,3,9,98.0,105.0,-7.0,12-18,4-6,5-5,3-7,9-43,5-13,2-14,2-16,3-12,3-7,4-12,1-8,,,,,,0-3,4-10,6-9
0,22014,1610612755,Philadelphia,76ers,East,Atlantic,18,64,0.22,4,12-29,6-35,3-7,5-41,2,17,92.0,101.0,-9.0,12-40,2-14,5-13,5-13,6-24,4-6,1-9,1-9,6-12,3-7,5-12,0-7,,,,,,0-2,0-14,4-10
0,22014,1610612750,Minnesota,Timberwolves,West,Northwest,16,66,0.195,5,9-32,7-34,6-6,4-40,3,15,98.0,107.0,-9.0,9-21,4-6,3-7,2-8,7-45,4-12,2-16,1-17,3-14,5-6,3-13,0-8,,,,,,1-1,3-10,1-14
0,22014,1610612752,New York,Knicks,East,Atlantic,17,65,0.207,5,10-31,7-34,2-7,3-39,3,16,92.0,101.0,-9.0,11-41,5-11,2-16,4-14,6-24,2-8,2-8,2-8,4-9,3-8,2-14,3-5,,,,,,1-1,3-13,1-15
0,22015,1610612739,Cleveland,Cavaliers,East,Central,57,25,0.695,1,33-8,24-17,4-7,32-8,8,3,104.0,98.0,6.0,35-17,14-4,8-8,13-5,22-8,8-2,8-2,6-4,13-3,8-5,11-5,4-3,,,,,,2-1,11-3,8-5
0,22015,1610612744,Golden State,Warriors,West,Pacific,73,9,0.89,1,39-2,34-7,7-2,44-5,24,1,115.0,104.0,11.0,27-3,9-1,8-2,10-0,46-6,15-3,15-1,16-2,14-2,9-1,15-2,5-2,,,,,,3-0,16-0,11-2
0,22015,1610612759,San Antonio,Spurs,West,Southwest,67,15,0.817,1,40-1,27-14,4-4,44-6,13,3,104.0,93.0,11.0,24-6,9-1,7-3,8-2,43-9,15-3,14-4,14-2,11-2,11-1,13-3,4-3,,,,,,1-1,13-3,14-2
0,22015,1610612761,Toronto,Raptors,East,Atlantic,56,26,0.683,1,32-9,24-17,6-6,28-10,11,3,103.0,98.0,5.0,39-13,14-2,11-7,14-4,17-13,5-5,5-5,7-3,12-2,7-4,11-5,6-2,,,,,,2-0,9-7,9-6
0,22015,1610612760,Oklahoma City,Thunder,West,Northwest,55,27,0.671,1,32-9,23-18,8-6,33-5,8,3,110.0,103.0,7.0,18-12,6-4,4-6,8-2,37-15,13-3,12-6,12-6,13-3,6-5,11-5,2-4,,,,,,2-0,9-7,12-3
0,22015,1610612748,Miami,Heat,East,Southeast,48,34,0.585,1,28-13,20-21,7-5,24-20,5,4,100.0,98.0,2.0,31-21,10-8,11-7,10-6,17-13,6-4,5-5,6-4,9-8,6-5,10-5,5-3,,,,,,1-1,9-5,8-7
0,22015,1610612746,LA,Clippers,West,Pacific,53,29,0.646,2,29-12,24-17,8-4,28-15,10,3,105.0,100.0,4.0,22-8,7-3,6-4,9-1,31-21,11-7,9-7,11-7,11-3,7-4,8-8,6-1,,,,,,3-0,7-8,11-5
0,22015,1610612737,Atlanta,Hawks,East,Southeast,48,34,0.585,2,27-14,21-20,5-7,29-17,7,3,103.0,99.0,4.0,29-23,11-7,10-8,8-8,19-11,6-4,5-5,8-2,6-9,6-5,12-4,3-3,,,,,,2-1,10-7,9-5
0,22015,1610612738,Boston,Celtics,East,Atlantic,48,34,0.585,2,28-13,20-21,5-7,26-13,5,4,106.0,103.0,3.0,31-21,10-6,9-9,12-6,17-13,6-4,7-3,4-6,9-8,9-3,7-7,5-2,,,,,,1-1,9-7,8-6
0,22015,1610612757,Portland,Trail Blazers,West,Northwest,44,38,0.537,2,28-13,16-25,2-7,23-21,6,7,105.0,104.0,1.0,15-15,5-5,5-5,5-5,29-23,11-5,10-8,8-10,9-5,9-2,8-8,4-2,,,,,,1-2,6-9,7-10
0,22015,1610612742,Dallas,Mavericks,West,Southwest,42,40,0.512,2,23-18,19-22,6-11,19-18,6,5,102.0,103.0,0.0,15-15,8-2,4-6,3-7,27-25,11-7,9-9,7-9,9-9,4-6,5-10,5-2,,,,,,1-1,9-7,9-5
0,22015,1610612766,Charlotte,Hornets,East,Southeast,48,34,0.585,3,30-11,18-23,6-5,25-17,7,7,103.0,101.0,3.0,33-19,13-5,12-6,8-8,15-15,4-6,5-5,6-4,6-11,7-3,13-3,5-3,,,,,,0-2,10-5,7-7
0,22015,1610612754,Indiana,Pacers,East,Central,45,37,0.549,2,26-15,19-22,9-9,21-13,6,3,102.0,100.0,2.0,30-22,13-5,8-8,9-9,15-15,4-6,5-5,6-4,7-8,6-7,8-7,6-1,,,,,,0-3,11-2,7-9
0,22015,1610612763,Memphis,Grizzlies,West,Southwest,42,40,0.512,3,26-15,16-25,8-3,15-23,5,6,99.0,101.0,-2.0,17-13,7-3,7-3,3-7,25-27,9-9,9-9,7-9,10-4,7-4,6-10,1-6,,,,,,2-1,8-7,8-8
0,22015,1610612745,Houston,Rockets,West,Southwest,41,41,0.5,4,23-18,18-23,5-8,14-18,5,4,107.0,106.0,0.0,13-17,6-4,3-7,4-6,28-24,9-9,11-7,8-8,9-7,4-6,8-8,4-2,,,,,,0-2,7-9,9-7
0,22015,1610612765,Detroit,Pistons,East,Central,44,38,0.537,3,26-15,18-23,6-5,21-20,5,5,102.0,101.0,1.0,29-23,11-7,10-6,8-10,15-15,7-3,5-5,3-7,7-8,6-6,9-6,4-3,,,,,,3-0,6-9,9-6
0,22015,1610612741,Chicago,Bulls,East,Central,42,40,0.512,4,26-15,16-25,10-4,14-19,6,5,102.0,103.0,-1.0,25-27,12-6,10-6,3-15,17-13,5-5,6-4,6-4,8-8,4-8,8-9,4-3,,,,,,2-1,8-4,8-7
0,22015,1610612762,Utah,Jazz,West,Northwest,40,42,0.488,3,24-17,16-25,6-8,23-13,7,5,98.0,96.0,2.0,16-14,6-4,6-4,4-6,24-28,8-8,9-9,7-11,7-8,7-6,9-7,3-4,,,,,,2-1,6-7,6-9
0,22015,1610612764,Washington,Wizards,East,Southeast,41,41,0.5,4,22-19,19-22,7-6,22-22,5,5,104.0,105.0,-1.0,30-22,9-9,11-7,10-6,11-19,2-8,4-6,5-5,7-8,8-6,7-9,5-2,,,,,,2-1,4-7,8-8
0,22015,1610612758,Sacramento,Kings,West,Pacific,33,49,0.402,3,18-23,15-26,8-4,11-19,5,6,107.0,109.0,-2.0,14-16,6-4,5-5,3-7,19-33,7-11,8-8,4-14,8-7,4-7,6-11,3-4,,,,,,1-2,6-10,5-8
0,22015,1610612743,Denver,Nuggets,West,Northwest,33,49,0.402,4,18-23,15-26,10-5,11-21,4,8,102.0,105.0,-3.0,15-15,6-4,5-5,4-6,18-34,4-12,7-11,7-11,6-9,5-7,9-8,1-4,,,,,,1-1,5-11,6-9
0,22015,1610612753,Orlando,Magic,East,Southeast,35,47,0.427,5,23-18,12-29,6-10,12-20,5,8,102.0,104.0,-2.0,21-31,12-6,5-13,4-12,14-16,7-3,2-8,5-5,2-12,5-7,6-11,3-4,,,,,,0-2,9-6,10-5
0,22015,1610612749,Milwaukee,Bucks,East,Central,33,49,0.402,5,23-18,10-31,6-4,12-27,4,5,99.0,103.0,-4.0,21-31,9-9,4-12,8-10,12-18,4-6,4-6,4-6,7-8,5-6,6-9,2-5,,,,,,0-2,7-9,6-10
0,22015,1610612740,New Orleans,Pelicans,West,Southwest,30,52,0.366,5,21-20,9-32,5-5,11-23,3,6,103.0,107.0,-4.0,10-20,4-6,4-6,2-8,20-32,8-10,8-10,4-12,8-6,5-7,5-12,2-5,,,,,,0-3,4-10,6-9
0,22015,1610612750,Minnesota,Timberwolves,West,Northwest,29,53,0.354,5,14-27,15-26,7-7,9-23,3,9,102.0,106.0,-4.0,11-19,5-5,2-8,4-6,18-34,4-12,10-8,4-14,2-14,5-6,6-9,4-3,,,,,,2-0,6-9,4-12
0,22015,1610612752,New York,Knicks,East,Atlantic,32,50,0.39,3,18-23,14-27,4-7,14-23,4,7,98.0,101.0,-3.0,21-31,8-8,7-11,6-12,11-19,5-5,4-6,2-8,8-9,2-9,5-10,2-4,,,,,,2-1,6-9,7-8
0,22015,1610612751,Brooklyn,Nets,East,Atlantic,21,61,0.256,4,14-27,7-34,7-4,6-34,2,10,99.0,106.0,-7.0,12-40,6-10,4-14,2-16,9-21,4-6,3-7,2-8,3-13,5-7,4-11,0-7,,,,,,0-3,4-10,5-10
0,22015,1610612756,Phoenix,Suns,West,Pacific,23,59,0.28,4,14-27,9-32,4-5,10-32,3,13,101.0,108.0,-7.0,6-24,1-9,1-9,4-6,17-35,6-12,6-10,5-13,2-12,1-9,5-11,3-4,,,,,,2-1,6-8,4-14
0,22015,1610612747,Los Angeles,Lakers,West,Pacific,17,65,0.207,5,12-29,5-36,2-7,4-44,3,10,97.0,107.0,-10.0,9-21,4-6,2-8,3-7,8-44,3-15,2-14,3-15,3-14,2-8,5-10,1-6,,,,,,0-2,2-12,4-13
0,22015,1610612755,Philadelphia,76ers,East,Atlantic,10,72,0.122,5,7-34,3-38,0-6,5-41,1,18,97.0,108.0,-10.0,3-49,2-14,0-18,1-17,7-23,2-8,4-6,1-9,4-10,1-11,1-14,1-6,,,,,,0-2,0-16,3-13
0,22016,1610612744,Golden State,Warriors,West,Pacific,67,15,0.817,1,36-5,31-10,3-4,48-6,14,3,116.0,104.0,12.0,25-5,9-1,8-2,8-2,42-10,15-3,14-2,13-5,12-2,9-3,12-4,5-1,,,,,,2-1,14-1,13-3
0,22016,1610612738,Boston,Celtics,East,Atlantic,53,29,0.646,1,30-11,23-18,7-6,17-11,7,3,108.0,105.0,3.0,36-16,11-5,11-7,14-4,17-13,5-5,6-4,6-4,10-4,8-4,11-5,4-2,,,,,,2-1,8-7,10-6
0,22016,1610612759,San Antonio,Spurs,West,Southwest,61,21,0.744,1,31-10,30-11,8-5,30-8,9,3,105.0,98.0,7.0,25-5,9-1,8-2,8-2,36-16,13-5,12-6,11-5,10-5,8-2,13-4,3-4,,,,,,4-0,11-4,12-2
0,22016,1610612739,Cleveland,Cavaliers,East,Central,51,31,0.622,1,31-10,20-21,3-4,25-15,6,4,110.0,107.0,3.0,35-17,16-2,8-8,11-7,16-14,6-4,6-4,4-6,7-8,9-2,7-10,3-4,,,,,,3-0,10-3,12-4
0,22016,1610612761,Toronto,Raptors,East,Atlantic,51,31,0.622,2,28-13,23-18,8-7,26-8,6,5,107.0,103.0,4.0,34-18,14-2,10-8,10-8,17-13,8-2,3-7,6-4,8-9,6-5,10-6,5-1,,,,,,2-1,10-5,10-4
0,22016,1610612745,Houston,Rockets,West,Southwest,55,27,0.671,2,30-11,25-16,8-3,30-11,10,3,115.0,110.0,6.0,19-11,8-2,5-5,6-4,36-16,13-5,13-5,10-6,10-7,6-3,9-6,4-2,,,,,,2-1,9-6,15-2
0,22016,1610612746,LA,Clippers,West,Pacific,51,31,0.622,2,29-12,22-19,3-6,33-14,7,6,109.0,104.0,4.0,20-10,6-4,5-5,9-1,31-21,10-8,10-6,11-7,8-4,6-5,10-8,5-0,,,,,,3-0,11-5,8-9
0,22016,1610612764,Washington,Wizards,East,Southeast,49,33,0.598,1,30-11,19-22,9-6,18-12,7,3,109.0,107.0,2.0,32-20,12-6,12-6,8-8,17-13,6-4,8-2,3-7,12-4,7-3,11-7,3-3,,,,,,0-2,6-9,10-5
0,22016,1610612737,Atlanta,Hawks,East,Southeast,43,39,0.524,2,23-18,20-21,7-8,17-21,7,7,103.0,104.0,-1.0,30-22,13-5,11-7,6-10,13-17,4-6,2-8,7-3,11-4,5-6,6-10,4-3,,,,,,3-0,7-9,7-7
0,22016,1610612762,Utah,Jazz,West,Northwest,51,31,0.622,1,29-12,22-19,4-4,23-10,6,4,101.0,97.0,4.0,20-10,6-4,6-4,8-2,31-21,8-8,12-6,11-7,9-6,7-4,10-6,4-2,,,,,,1-2,10-6,10-5
0,22016,1610612760,Oklahoma City,Thunder,West,Northwest,47,35,0.573,2,28-13,19-22,12-7,23-21,6,4,107.0,106.0,1.0,18-12,9-1,4-6,5-5,29-23,10-6,8-10,11-7,7-8,7-4,8-7,4-3,,,,,,3-0,9-8,9-5
0,22016,1610612749,Milwaukee,Bucks,East,Central,42,40,0.512,2,23-18,19-22,8-2,21-22,6,5,104.0,104.0,0.0,27-25,10-8,10-6,7-11,15-15,4-6,7-3,4-6,5-10,5-6,14-4,2-4,,,,,,1-2,7-6,8-8
0,22016,1610612754,Indiana,Pacers,East,Central,42,40,0.512,3,29-12,13-28,4-2,23-19,7,6,105.0,105.0,0.0,26-26,8-10,8-8,10-8,16-14,5-5,6-4,5-5,9-4,6-7,6-10,5-1,,,,,,1-2,8-8,7-8
0,22016,1610612763,Memphis,Grizzlies,West,Southwest,43,39,0.524,3,24-17,19-22,7-5,17-20,6,5,100.0,100.0,0.0,15-15,5-5,5-5,5-5,28-24,11-7,9-9,8-8,7-7,7-4,6-9,1-5,,,,,,2-1,9-7,11-6
0,22016,1610612757,Portland,Trail Blazers,West,Northwest,41,41,0.5,3,25-16,16-25,7-11,18-16,6,6,108.0,108.0,-1.0,13-17,5-5,3-7,5-5,28-24,11-5,9-9,8-10,8-7,2-7,13-3,4-3,,,,,,2-1,8-9,4-11
0,22016,1610612741,Chicago,Bulls,East,Central,41,41,0.5,4,25-16,16-25,5-6,17-23,4,5,103.0,102.0,0.0,28-24,10-8,9-7,9-9,13-17,4-6,5-5,4-6,8-7,6-5,6-9,5-2,,,,,,3-0,7-7,6-11
0,22016,1610612743,Denver,Nuggets,West,Northwest,40,42,0.488,4,22-19,18-23,5-10,24-19,4,5,112.0,111.0,1.0,16-14,6-4,7-3,3-7,24-28,6-10,12-6,6-12,7-7,6-7,8-7,5-2,,,,,,1-2,6-9,7-8
0,22016,1610612748,Miami,Heat,East,Southeast,41,41,0.5,3,23-18,18-23,8-6,19-13,13,6,103.0,102.0,1.0,27-25,7-11,11-7,9-7,14-16,4-6,5-5,5-5,9-6,8-3,10-6,4-2,,,,,,1-2,5-10,4-12
0,22016,1610612740,New Orleans,Pelicans,West,Southwest,34,48,0.415,4,21-20,13-28,7-6,17-22,4,8,104.0,106.0,-2.0,14-16,5-5,4-6,5-5,20-32,7-11,7-11,6-10,5-9,4-7,10-6,1-5,,,,,,0-3,7-9,7-9
0,22016,1610612765,Detroit,Pistons,East,Central,37,45,0.451,5,24-17,13-28,5-7,23-26,3,5,101.0,102.0,-1.0,21-31,7-11,5-11,9-9,16-14,7-3,4-6,5-5,6-7,8-4,6-11,2-3,,,,,,2-1,8-9,5-10
0,22016,1610612766,Charlotte,Hornets,East,Southeast,36,46,0.439,4,22-19,14-27,0-9,19-18,4,7,105.0,105.0,0.0,22-30,7-11,5-13,10-6,14-16,7-3,4-6,3-7,4-11,3-8,9-7,1-5,,,,,,2-1,8-7,9-7
0,22016,1610612742,Dallas,Mavericks,West,Southwest,33,49,0.402,5,21-20,12-29,4-6,14-26,4,8,98.0,101.0,-3.0,14-16,4-6,6-4,4-6,19-33,6-12,8-10,5-11,8-6,6-5,7-9,2-5,,,,,,0-3,3-11,7-10
0,22016,1610612758,Sacramento,Kings,West,Pacific,32,50,0.39,3,17-24,15-26,10-6,9-27,4,8,103.0,107.0,-4.0,11-19,5-5,3-7,3-7,21-31,8-10,7-9,6-12,5-11,6-5,4-12,3-3,,,,,,2-2,5-9,7-8
0,22016,1610612752,New York,Knicks,East,Atlantic,31,51,0.378,3,19-22,12-29,7-10,10-25,4,6,104.0,108.0,-4.0,22-30,5-11,9-9,8-10,9-21,3-7,3-7,3-7,5-12,3-7,5-11,2-4,,,,,,1-1,8-8,7-8
0,22016,1610612753,Orlando,Magic,East,Southeast,29,53,0.354,5,16-25,13-28,5-5,10-32,3,5,101.0,108.0,-7.0,20-32,8-10,5-13,7-9,9-21,2-8,3-7,4-6,4-12,3-7,5-11,2-4,,,,,,0-3,7-8,8-8
0,22016,1610612750,Minnesota,Timberwolves,West,Northwest,31,51,0.378,5,20-21,11-30,7-10,18-19,3,6,106.0,107.0,-1.0,13-17,3-7,4-6,6-4,18-34,5-11,9-9,4-14,8-7,5-7,6-8,1-7,,,,,,0-2,5-11,6-9
0,22016,1610612755,Philadelphia,76ers,East,Atlantic,28,54,0.341,4,17-24,11-30,9-8,7-29,3,8,102.0,108.0,-6.0,19-33,7-9,5-13,7-11,9-21,3-7,4-6,2-8,10-5,4-8,6-11,0-6,,,,,,0-2,4-12,4-10
0,22016,1610612747,Los Angeles,Lakers,West,Pacific,26,56,0.317,4,17-24,9-32,2-4,14-31,5,8,105.0,111.0,-7.0,10-20,3-7,3-7,4-6,16-36,4-14,6-10,6-12,5-10,2-8,2-12,5-2,,,,,,1-2,9-8,2-14
0,22016,1610612756,Phoenix,Suns,West,Pacific,24,58,0.293,5,15-26,9-32,9-5,7-32,3,13,108.0,113.0,-6.0,13-17,6-4,3-7,4-6,11-41,3-15,3-13,5-13,5-9,3-9,4-12,2-4,,,,,,0-4,6-9,4-11
0,22016,1610612751,Brooklyn,Nets,East,Atlantic,20,62,0.244,5,13-28,7-34,3-6,9-30,3,16,106.0,113.0,-7.0,11-41,3-13,4-14,4-14,9-21,2-8,5-5,2-8,1-15,0-10,7-10,4-3,,,,,,1-3,4-9,3-12
0,22017,1610612745,Houston,Rockets,West,Southwest,65,17,0.793,1,34-7,31-10,5-3,38-8,17,5,112.0,104.0,8.0,24-6,6-4,9-1,9-1,41-11,16-2,13-5,12-4,10-4,12-0,14-1,3-3,,,,,,5-3,12-1,9-5
0,22017,1610612761,Toronto,Raptors,East,Atlantic,59,23,0.72,1,34-7,25-16,5-7,33-5,11,2,112.0,104.0,8.0,40-12,12-4,14-4,14-4,19-11,5-5,6-4,8-2,10-5,9-2,12-4,4-2,,,,,,4-2,9-5,11-3
0,22017,1610612738,Boston,Celtics,East,Atlantic,55,27,0.671,2,27-14,28-13,11-8,25-9,16,4,104.0,100.0,4.0,33-19,12-4,10-8,11-7,22-8,9-1,7-3,6-4,7-5,7-4,9-4,2-4,,,,,,5-2,14-2,11-6
0,22017,1610612744,Golden State,Warriors,West,Pacific,58,24,0.707,1,29-12,29-12,5-1,38-13,11,3,113.0,107.0,6.0,24-6,9-1,6-4,9-1,34-18,8-10,13-3,13-5,11-3,8-3,7-7,3-3,,,,,,5-3,11-3,13-2
0,22017,1610612755,Philadelphia,76ers,East,Atlantic,52,30,0.634,3,30-11,22-19,4-7,31-11,16,5,110.0,105.0,5.0,34-18,9-7,11-7,14-4,18-12,7-3,4-6,7-3,7-5,8-3,13-3,7-0,,,,,,3-4,9-5,5-10
0,22017,1610612757,Portland,Trail Blazers,West,Northwest,49,33,0.598,1,28-13,21-20,8-8,20-12,13,5,106.0,103.0,3.0,18-12,4-6,6-4,8-2,31-21,9-7,15-3,7-11,11-5,6-4,12-3,2-4,,,,,,4-3,9-6,5-8
0,22017,1610612739,Cleveland,Cavaliers,East,Central,50,32,0.61,1,29-12,21-20,8-5,17-20,13,4,111.0,110.0,1.0,35-17,11-7,11-5,13-5,15-15,5-5,5-5,5-5,6-8,6-4,10-6,4-2,,,,,,3-4,12-3,9-5
0,22017,1610612760,Oklahoma City,Thunder,West,Northwest,48,34,0.585,2,27-14,21-20,8-10,24-11,8,4,108.0,104.0,3.0,20-10,6-4,7-3,7-3,28-24,5-11,12-6,11-7,10-4,6-6,8-6,4-1,,,,,,4-3,4-9,12-5
0,22017,1610612754,Indiana,Pacers,East,Central,48,34,0.585,2,27-14,21-20,11-2,20-16,5,5,106.0,104.0,1.0,32-20,11-7,10-6,11-7,16-14,3-7,9-1,4-6,10-5,5-4,11-4,3-3,,,,,,4-3,8-7,7-8
0,22017,1610612762,Utah,Jazz,West,Northwest,48,34,0.585,3,28-13,20-21,4-5,31-19,11,4,104.0,100.0,4.0,14-16,3-7,6-4,5-5,34-18,7-9,15-3,12-6,6-7,9-2,12-3,5-1,,,,,,4-3,7-8,5-10
0,22017,1610612740,New Orleans,Pelicans,West,Southwest,48,34,0.585,2,24-17,24-17,7-3,19-16,10,4,112.0,110.0,1.0,21-9,6-4,9-1,6-4,27-25,6-12,12-6,9-7,9-5,8-3,8-7,5-1,,,,,,3-4,8-6,7-8
0,22017,1610612748,Miami,Heat,East,Southeast,44,38,0.537,1,26-15,18-23,9-9,16-13,7,5,103.0,103.0,0.0,31-21,9-9,11-7,11-5,13-17,4-6,5-5,4-6,10-5,3-7,9-7,3-2,,,,,,2-4,8-7,9-6
0,22017,1610612749,Milwaukee,Bucks,East,Central,44,38,0.537,3,25-16,19-22,7-4,14-16,4,4,106.0,107.0,0.0,27-25,11-7,6-10,10-8,17-13,5-5,7-3,5-5,8-7,6-6,8-7,3-3,,,,,,4-3,7-6,8-6
0,22017,1610612759,San Antonio,Spurs,West,Southwest,47,35,0.573,3,33-8,14-27,8-10,25-17,6,4,103.0,100.0,3.0,18-12,6-4,5-5,7-3,29-23,9-9,11-7,9-7,9-7,2-7,8-6,3-3,,,,,,4-3,10-4,11-5
0,22017,1610612750,Minnesota,Timberwolves,West,Northwest,47,35,0.573,4,30-11,17-24,7-7,25-12,5,3,110.0,107.0,2.0,13-17,4-6,4-6,5-5,34-18,10-6,14-4,10-8,9-8,6-4,6-7,3-2,,,,,,4-3,9-6,10-5
0,22017,1610612764,Washington,Wizards,East,Southeast,43,39,0.524,2,23-18,20-21,5-7,22-12,5,4,107.0,106.0,1.0,28-24,10-8,10-8,8-8,15-15,4-6,5-5,6-4,7-6,8-4,6-8,1-5,,,,,,4-2,7-8,10-6
0,22017,1610612743,Denver,Nuggets,West,Northwest,46,36,0.561,5,31-10,15-26,10-5,21-15,6,3,110.0,109.0,1.0,18-12,4-6,8-2,6-4,28-24,9-7,10-8,9-9,7-8,7-3,8-7,5-1,,,,,,3-4,9-5,7-8
0,22017,1610612765,Detroit,Pistons,East,Central,39,43,0.476,4,25-16,14-27,4-7,19-23,5,8,104.0,104.0,0.0,24-28,7-11,9-7,8-10,15-15,4-6,7-3,4-6,3-11,6-6,7-8,3-3,,,,,,5-3,9-3,6-9
0,22017,1610612746,LA,Clippers,West,Pacific,42,40,0.512,2,22-19,20-21,8-2,22-19,6,9,109.0,109.0,0.0,18-12,6-4,6-4,6-4,24-28,4-14,12-4,8-10,9-6,7-3,9-7,1-5,,,,,,4-2,4-10,8-7
0,22017,1610612766,Charlotte,Hornets,East,Southeast,36,46,0.439,3,21-20,15-26,1-5,23-23,5,6,108.0,108.0,0.0,22-30,4-14,7-11,11-5,14-16,4-6,7-3,3-7,8-6,7-5,6-9,2-3,,,,,,4-3,4-9,5-11
0,22017,1610612747,Los Angeles,Lakers,West,Pacific,35,47,0.427,3,20-21,15-26,6-7,18-21,5,9,108.0,110.0,-2.0,16-14,5-5,5-5,6-4,19-33,4-14,6-10,9-9,8-7,7-3,7-8,2-5,,,,,,3-4,5-9,3-11
0,22017,1610612752,New York,Knicks,East,Atlantic,29,53,0.354,4,19-22,10-31,2-7,15-30,4,9,104.0,108.0,-4.0,17-35,6-10,4-14,7-11,12-18,4-6,5-5,3-7,5-11,1-9,3-12,2-3,,,,,,3-3,8-7,7-8
0,22017,1610612751,Brooklyn,Nets,East,Atlantic,28,54,0.341,5,15-26,13-28,5-7,9-27,3,8,107.0,110.0,-4.0,19-33,1-15,6-12,12-6,9-21,4-6,1-9,4-6,6-10,1-9,5-9,3-3,,,,,,3-5,5-8,5-10
0,22017,1610612758,Sacramento,Kings,West,Pacific,27,55,0.329,4,14-27,13-28,6-5,5-32,2,8,99.0,106.0,-7.0,13-17,5-5,3-7,5-5,14-38,3-15,5-11,6-12,4-10,2-9,6-10,3-2,,,,,,1-6,5-9,6-9
0,22017,1610612741,Chicago,Bulls,East,Central,27,55,0.329,5,17-24,10-31,9-5,6-30,7,10,103.0,110.0,-7.0,21-31,5-13,4-12,12-6,6-24,2-8,0-10,4-6,5-10,2-8,5-10,2-4,,,,,,1-4,2-13,10-6
0,22017,1610612742,Dallas,Mavericks,West,Southwest,24,58,0.293,4,15-26,9-32,2-9,11-20,4,6,102.0,105.0,-3.0,10-20,2-8,4-6,4-6,14-38,5-13,4-14,5-11,3-11,3-7,4-10,1-5,,,,,,1-7,4-10,8-8
0,22017,1610612753,Orlando,Magic,East,Southeast,25,57,0.305,4,17-24,8-33,3-5,10-27,3,9,103.0,108.0,-5.0,15-37,5-13,5-13,5-11,10-20,2-8,3-7,5-5,3-10,3-8,4-10,3-4,,,,,,5-2,4-11,3-12
0,22017,1610612763,Memphis,Grizzlies,West,Southwest,22,60,0.268,5,16-25,6-35,5-12,8-26,3,19,99.0,106.0,-6.0,4-26,2-8,1-9,1-9,18-34,5-13,8-10,5-11,6-7,0-10,3-13,1-5,,,,,,5-2,2-11,5-12
0,22017,1610612737,Atlanta,Hawks,East,Southeast,24,58,0.293,5,16-25,8-33,6-8,8-35,2,8,103.0,109.0,-5.0,12-40,4-14,3-15,5-11,12-18,5-5,2-8,5-5,5-10,4-7,2-12,3-3,,,,,,1-6,3-11,6-9
0,22017,1610612756,Phoenix,Suns,West,Pacific,21,61,0.256,5,10-31,11-30,6-5,5-40,2,15,104.0,113.0,-9.0,6-24,2-8,2-8,2-8,15-37,5-13,4-12,6-12,4-10,1-10,0-14,2-3,,,,,,3-4,5-11,6-9
0,22018,1610612744,Golden State,Warriors,West,Pacific,57,25,0.695,1,30-11,27-14,7-7,34-10,11,4,118.0,111.0,6.0,22-8,6-4,8-2,8-2,35-17,12-6,13-3,10-8,11-2,7-4,9-5,5-1,,,,,,8-1,7-7,10-5
0,22018,1610612749,Milwaukee,Bucks,East,Central,60,22,0.732,1,33-8,27-14,5-6,45-5,7,2,118.0,109.0,9.0,40-12,13-5,14-2,13-5,20-10,6-4,6-4,8-2,12-3,10-1,10-6,3-2,,,,,,7-0,8-6,10-4
0,22018,1610612743,Denver,Nuggets,West,Northwest,54,28,0.659,1,34-7,20-21,13-3,23-11,7,4,111.0,107.0,4.0,20-10,7-3,6-4,7-3,34-18,12-4,12-6,10-8,12-4,7-4,9-6,3-3,,,,,,6-1,9-6,8-4
0,22018,1610612761,Toronto,Raptors,East,Atlantic,58,24,0.707,1,32-9,26-15,11-7,33-9,8,3,114.0,108.0,6.0,36-16,12-4,10-8,14-4,22-8,6-4,10-0,6-4,10-5,8-1,9-6,4-1,,,,,,7-1,12-3,8-7
0,22018,1610612757,Portland,Trail Blazers,West,Northwest,53,29,0.646,2,32-9,21-20,4-6,29-8,6,3,115.0,110.0,4.0,24-6,9-1,8-2,7-3,29-23,6-10,12-6,11-7,11-4,6-3,10-5,5-1,,,,,,5-2,8-7,8-7
0,22018,1610612755,Philadelphia,76ers,East,Atlantic,51,31,0.622,2,31-10,20-21,10-8,22-16,6,3,115.0,112.0,3.0,31-21,8-8,12-6,11-7,20-10,6-4,8-2,6-4,11-4,6-4,9-5,2-4,,,,,,4-4,12-4,7-6
0,22018,1610612745,Houston,Rockets,West,Southwest,53,29,0.646,1,31-10,22-19,5-7,29-12,9,4,114.0,109.0,5.0,21-9,8-2,6-4,7-3,32-20,8-10,14-4,10-6,8-6,8-4,12-3,4-1,,,,,,1-5,9-6,11-4
0,22018,1610612738,Boston,Celtics,East,Atlantic,49,33,0.598,3,28-13,21-20,5-6,24-12,8,4,112.0,108.0,4.0,35-17,10-6,13-5,12-6,14-16,4-6,5-5,5-5,11-4,5-6,8-7,4-1,,,,,,5-2,7-8,9-5
0,22018,1610612754,Indiana,Pacers,East,Central,48,34,0.585,2,29-12,19-22,6-6,23-16,7,4,108.0,105.0,3.0,33-19,9-9,11-5,13-5,15-15,5-5,5-5,5-5,7-7,9-3,4-10,3-2,,,,,,5-3,8-6,12-3
0,22018,1610612762,Utah,Jazz,West,Northwest,50,32,0.61,3,29-12,21-20,0-7,34-12,7,4,112.0,106.0,5.0,20-10,6-4,7-3,7-3,30-22,8-8,12-6,10-8,11-4,6-3,11-4,4-2,,,,,,4-3,7-9,7-7
0,22018,1610612751,Brooklyn,Nets,East,Atlantic,42,40,0.512,4,23-18,19-22,12-8,16-22,7,8,112.0,112.0,0.0,29-23,8-8,10-8,11-7,13-17,2-8,6-4,5-5,11-4,4-6,7-7,3-2,,,,,,3-5,5-10,9-6
0,22018,1610612760,Oklahoma City,Thunder,West,Northwest,49,33,0.598,4,27-14,22-19,6-7,23-12,7,4,114.0,111.0,3.0,21-9,6-4,8-2,7-3,28-24,9-7,10-8,9-9,9-5,6-5,6-10,5-0,,,,,,2-4,12-3,9-6
0,22018,1610612759,San Antonio,Spurs,West,Southwest,48,34,0.585,2,32-9,16-25,7-4,25-16,9,4,112.0,110.0,2.0,18-12,6-4,7-3,5-5,30-22,10-8,10-8,10-6,10-5,3-7,10-4,4-1,,,,,,5-2,5-10,11-5
0,22018,1610612753,Orlando,Magic,East,Southeast,42,40,0.512,1,25-16,17-24,5-6,21-21,6,4,107.0,107.0,1.0,30-22,11-7,9-9,10-6,12-18,2-8,4-6,6-4,5-11,8-3,9-5,4-1,,,,,,2-5,9-7,5-8
0,22018,1610612765,Detroit,Pistons,East,Central,41,41,0.5,3,26-15,15-26,6-9,16-21,5,6,107.0,107.0,0.0,27-25,10-8,8-8,9-9,14-16,4-6,5-5,5-5,6-10,7-3,10-6,2-4,,,,,,4-3,8-4,4-11
0,22018,1610612746,LA,Clippers,West,Pacific,48,34,0.585,2,26-15,22-19,6-2,23-18,6,5,115.0,114.0,1.0,20-10,6-4,7-3,7-3,28-24,7-11,11-5,10-8,7-9,6-5,13-2,1-3,,,,,,4-3,11-3,6-9
0,22018,1610612766,Charlotte,Hornets,East,Southeast,39,43,0.476,2,25-16,14-27,6-10,21-20,4,3,111.0,112.0,-1.0,29-23,8-10,11-7,10-6,10-20,2-8,3-7,5-5,6-8,4-7,7-8,4-2,,,,,,4-4,7-7,7-7
0,22018,1610612758,Sacramento,Kings,West,Pacific,39,43,0.476,3,24-17,15-26,6-7,16-18,5,4,114.0,115.0,-1.0,18-12,3-7,7-3,8-2,21-31,7-11,4-12,10-8,7-8,5-5,7-9,1-4,,,,,,5-3,5-8,9-6
0,22018,1610612748,Miami,Heat,East,Southeast,39,43,0.476,3,19-22,20-21,6-9,16-20,5,4,106.0,106.0,0.0,23-29,7-11,9-9,7-9,16-14,4-6,3-7,9-1,7-7,3-9,11-4,1-5,,,,,,3-4,5-9,9-5
0,22018,1610612747,Los Angeles,Lakers,West,Pacific,37,45,0.451,4,22-19,15-26,5-4,16-25,4,5,112.0,113.0,-2.0,12-18,1-9,5-5,6-4,25-27,7-11,9-7,9-9,6-9,3-6,5-11,2-3,,,,,,3-5,10-4,8-7
0,22018,1610612764,Washington,Wizards,East,Southeast,32,50,0.39,4,22-19,10-31,5-6,14-23,3,5,114.0,117.0,-3.0,19-33,6-12,6-12,7-9,13-17,4-6,5-5,4-6,8-6,3-7,7-10,0-4,,,,,,1-6,7-8,6-9
0,22018,1610612750,Minnesota,Timberwolves,West,Northwest,36,46,0.439,5,25-16,11-30,8-5,19-22,4,5,112.0,114.0,-2.0,14-16,4-6,5-5,5-5,22-30,5-11,9-9,8-10,8-6,4-7,5-9,2-4,,,,,,4-4,7-7,6-9
0,22018,1610612737,Atlanta,Hawks,East,Southeast,29,53,0.354,5,17-24,12-29,9-6,7-31,3,10,113.0,119.0,-6.0,16-36,4-14,6-12,6-10,13-17,5-5,4-6,4-6,5-9,5-7,7-8,1-4,,,,,,2-5,3-13,6-7
0,22018,1610612763,Memphis,Grizzlies,West,Southwest,33,49,0.402,3,21-20,12-29,6-9,14-19,5,8,104.0,106.0,-3.0,9-21,3-7,3-7,3-7,24-28,9-9,7-11,8-8,2-14,4-7,7-7,2-3,,,,,,4-2,9-6,5-10
0,22018,1610612740,New Orleans,Pelicans,West,Southwest,33,49,0.402,4,19-22,14-27,4-6,15-20,4,6,115.0,117.0,-1.0,10-20,3-7,5-5,2-8,23-29,7-11,8-10,8-8,6-8,4-7,5-10,1-3,,,,,,4-3,7-9,6-9
0,22018,1610612741,Chicago,Bulls,East,Central,22,60,0.268,4,9-32,13-28,8-8,9-31,3,10,105.0,113.0,-8.0,16-36,4-14,3-13,9-9,6-24,1-9,2-8,3-7,2-13,5-5,4-11,1-4,,,,,,2-6,3-12,5-9
0,22018,1610612742,Dallas,Mavericks,West,Southwest,33,49,0.402,5,24-17,9-32,7-7,12-22,4,7,109.0,110.0,-1.0,15-15,4-6,6-4,5-5,18-34,8-10,6-12,4-12,6-9,4-6,3-12,3-3,,,,,,2-6,8-4,7-9
0,22018,1610612739,Cleveland,Cavaliers,East,Central,19,63,0.232,5,13-28,6-35,5-4,6-43,2,12,104.0,114.0,-10.0,15-37,6-12,4-12,5-13,4-26,0-10,2-8,2-8,3-12,4-6,4-11,0-5,,,,,,1-6,3-11,4-12
0,22018,1610612756,Phoenix,Suns,West,Pacific,19,63,0.232,5,12-29,7-34,5-5,5-40,4,17,108.0,117.0,-9.0,8-22,3-7,3-7,2-8,11-41,2-16,3-13,6-12,2-13,1-8,5-10,2-3,,,,,,1-6,3-12,5-11
0,22018,1610612752,New York,Knicks,East,Atlantic,17,65,0.207,5,9-32,8-33,4-7,6-41,3,18,105.0,114.0,-9.0,11-41,2-14,3-15,6-12,6-24,0-10,2-8,4-6,1-12,3-9,1-13,3-3,,,,,,2-6,5-10,2-12
0,22019,1610612747,Los Angeles,Lakers,West,Pacific,52,19,0.732,1,25-10,27-9,7-3,25-11,10,4,113.0,108.0,6.0,16-9,5-5,4-3,7-1,36-10,12-3,10-3,14-4,10-4,9-2,4-1,,,,1-0,2-5,,3-1,14-1,9-5
0,22019,1610612749,Milwaukee,Bucks,East,Central,56,17,0.767,1,30-5,26-12,3-2,38-8,18,3,119.0,109.0,10.0,37-7,10-4,13-1,14-2,19-10,7-3,7-2,5-5,11-2,10-1,2-4,,,,1-0,2-5,,2-2,15-1,13-2
0,22019,1610612746,LA,Clippers,West,Pacific,49,23,0.681,2,27-9,22-14,8-3,32-8,7,3,116.0,110.0,6.0,17-7,5-3,4-3,8-1,32-16,11-5,8-6,13-5,9-4,7-4,4-1,,,,0-1,5-2,,4-2,10-4,10-5
0,22019,1610612761,Toronto,Raptors,East,Atlantic,53,19,0.736,1,26-10,27-9,6-4,23-10,15,3,113.0,107.0,6.0,34-11,9-5,13-3,12-3,19-8,7-3,7-2,5-3,12-3,7-3,4-1,,,,,7-1,,4-1,10-3,9-7
0,22019,1610612738,Boston,Celtics,East,Atlantic,48,24,0.667,2,26-10,22-14,6-5,29-7,10,3,114.0,107.0,6.0,30-13,9-6,9-4,12-3,18-11,6-3,6-4,6-4,9-7,9-3,2-3,,,,0-1,5-2,,3-1,10-4,10-3
0,22019,1610612743,Denver,Nuggets,West,Northwest,46,27,0.63,1,26-11,20-16,9-5,16-13,7,3,111.0,109.0,2.0,17-11,6-4,4-4,7-3,29-16,12-2,9-7,8-7,11-5,6-4,3-3,,,,,3-5,,3-2,10-2,10-6
0,22019,1610612745,Houston,Rockets,West,Southwest,44,28,0.611,1,24-12,20-16,4-5,22-14,8,4,118.0,115.0,3.0,16-9,6-3,4-3,6-3,28-19,10-8,10-6,8-5,7-7,9-2,1-4,,,,1-0,3-4,,3-1,10-5,10-5
0,22019,1610612754,Indiana,Pacers,East,Central,45,28,0.616,2,25-11,20-17,5-7,20-12,5,6,109.0,107.0,2.0,28-19,9-7,8-7,11-5,17-9,7-3,5-2,5-4,9-5,5-7,3-2,,,,,6-2,,1-3,11-4,10-5
0,22019,1610612748,Miami,Heat,East,Southeast,44,29,0.603,1,29-7,15-22,6-4,23-11,5,3,112.0,109.0,3.0,30-13,9-6,11-3,10-4,14-16,4-6,4-6,6-4,8-6,6-7,3-2,,,,,3-5,,4-1,9-4,11-4
0,22019,1610612760,Oklahoma City,Thunder,West,Northwest,44,28,0.611,2,23-14,21-14,8-6,18-10,5,3,110.0,108.0,2.0,17-9,5-3,6-4,6-2,27-19,8-5,9-8,10-6,12-5,7-3,3-1,,,,,4-4,,1-4,6-7,11-4
0,22019,1610612755,Philadelphia,76ers,East,Atlantic,43,30,0.589,3,31-4,12-26,6-5,19-15,5,4,111.0,108.0,2.0,28-18,11-5,10-6,7-7,15-12,5-4,5-5,5-3,8-5,6-5,2-3,,,,,4-4,,4-0,10-6,9-7
0,22019,1610612762,Utah,Jazz,West,Northwest,44,28,0.611,3,23-12,21-16,7-5,18-11,10,5,111.0,109.0,2.0,20-7,6-4,6-2,8-1,24-21,5-7,9-6,10-8,11-4,5-6,4-1,,,,1-0,2-5,,4-1,8-6,9-5
0,22019,1610612742,Dallas,Mavericks,West,Southwest,43,32,0.573,2,20-18,23-14,2-11,23-9,5,2,117.0,112.0,5.0,16-12,4-5,7-2,5-5,27-20,9-6,8-10,10-4,8-7,7-5,4-3,,,,0-1,3-4,,3-1,9-5,9-6
0,22019,1610612751,Brooklyn,Nets,East,Atlantic,35,37,0.486,4,20-16,15-21,7-7,17-19,4,7,112.0,112.0,-1.0,23-23,6-10,8-4,9-9,12-14,2-7,6-2,4-5,5-10,5-7,4-1,,,,0-1,5-2,,1-3,9-6,6-7
0,22019,1610612753,Orlando,Magic,East,Southeast,33,40,0.452,2,18-17,15-23,5-5,18-20,5,5,107.0,108.0,-1.0,20-23,6-10,5-8,9-5,13-17,2-8,5-5,6-4,7-8,6-6,3-2,,,,1-0,2-5,,2-2,5-9,7-8
0,22019,1610612757,Portland,Trail Blazers,West,Northwest,35,39,0.473,4,21-15,14-24,9-3,17-18,4,5,115.0,116.0,-1.0,15-12,4-6,4-4,7-2,20-27,5-8,7-10,8-9,8-7,4-8,3-2,,,,1-0,5-2,,3-2,5-10,6-8
0,22019,1610612763,Memphis,Grizzlies,West,Southwest,34,39,0.466,3,20-17,14-22,3-4,18-21,7,6,113.0,114.0,-1.0,14-13,3-4,4-6,7-3,20-26,8-7,8-10,4-9,11-4,5-6,3-2,,,,0-1,2-5,,1-3,4-10,8-8
0,22019,1610612764,Washington,Wizards,East,Southeast,25,47,0.347,3,16-20,9-27,1-4,12-25,2,7,114.0,119.0,-5.0,18-27,8-7,5-11,5-9,7-20,3-7,2-7,2-6,6-9,5-6,3-3,,,,0-1,1-6,,1-3,5-8,4-11
0,22019,1610612756,Phoenix,Suns,West,Pacific,34,39,0.466,3,17-22,17-17,4-8,15-18,8,8,114.0,113.0,0.0,15-12,6-4,3-4,6-4,19-27,6-9,6-9,7-9,7-8,4-9,2-2,,,,1-0,7-0,,3-2,5-8,5-10
0,22019,1610612766,Charlotte,Hornets,East,Southeast,23,42,0.354,4,10-21,13-21,9-8,5-25,3,8,103.0,110.0,-7.0,16-24,5-9,9-8,2-7,7-18,1-7,4-4,2-7,3-9,5-6,2-4,,,,,,,2-3,6-10,5-10
0,22019,1610612741,Chicago,Bulls,East,Central,22,43,0.338,3,14-20,8-23,6-6,7-19,2,8,107.0,110.0,-3.0,15-28,1-12,7-9,7-7,7-15,1-6,2-5,4-4,6-11,1-8,2-3,,,,,,,1-4,5-10,7-7
0,22019,1610612759,San Antonio,Spurs,West,Southwest,32,39,0.451,4,19-15,13-24,10-7,10-12,3,8,114.0,115.0,-1.0,12-16,5-5,2-6,5-5,20-23,6-9,7-8,7-6,7-8,4-7,2-3,,,,1-0,4-3,,3-1,4-12,7-5
0,22019,1610612752,New York,Knicks,East,Atlantic,21,45,0.318,5,11-22,10-23,7-6,8-21,4,10,106.0,112.0,-6.0,15-28,2-11,8-8,5-9,6-17,1-6,2-6,3-5,4-12,5-6,3-3,,,,,,,1-4,3-11,5-9
0,22019,1610612758,Sacramento,Kings,West,Pacific,31,41,0.431,4,16-19,15-22,6-8,12-18,3,8,110.0,112.0,-2.0,8-18,2-8,2-5,4-5,23-23,7-9,8-5,8-9,6-8,7-4,3-2,,,,0-1,3-4,,0-5,8-5,4-12
0,22019,1610612740,New Orleans,Pelicans,West,Southwest,30,42,0.417,5,15-21,15-21,2-6,18-15,4,13,116.0,117.0,-1.0,12-12,2-6,7-3,3-3,18-30,9-9,5-12,4-9,9-6,6-4,2-3,,,,0-1,2-5,,1-4,5-9,5-10
0,22019,1610612765,Detroit,Pistons,East,Central,20,46,0.303,4,11-22,9-24,4-6,9-26,2,7,107.0,111.0,-4.0,12-31,3-11,5-10,4-10,8-15,1-7,4-3,3-5,5-11,3-8,0-5,,,,,,,2-3,4-10,6-9
0,22019,1610612737,Atlanta,Hawks,East,Southeast,20,47,0.299,5,14-20,6-27,1-5,8-29,2,10,112.0,120.0,-8.0,11-32,3-13,2-12,6-7,9-15,3-5,3-5,3-5,6-9,6-7,1-4,,,,,,,2-3,2-13,3-11
0,22019,1610612750,Minnesota,Timberwolves,West,Northwest,19,45,0.297,5,8-24,11-21,3-4,10-21,3,13,113.0,118.0,-4.0,10-15,2-4,3-6,5-5,9-30,2-10,4-8,3-12,3-12,2-9,2-4,,,,,,,3-1,7-7,2-12
0,22019,1610612739,Cleveland,Cavaliers,East,Central,19,46,0.292,5,11-25,8-21,5-5,6-28,3,8,107.0,115.0,-8.0,12-32,2-14,4-10,6-8,7-14,4-4,0-4,3-6,3-13,4-7,2-3,,,,,,,2-2,3-12,5-9
0,22019,1610612744,Golden State,Warriors,West,Pacific,15,50,0.231,5,8-26,7-24,1-3,8-30,4,10,106.0,115.0,-9.0,6-16,1-6,3-3,2-7,9-34,3-12,2-11,4-11,1-13,3-8,2-3,,,,,,,1-3,3-13,5-10
0,22020,1610612755,Philadelphia,76ers,East,Atlantic,49,23,0.681,1,29-7,20-16,7-3,27-12,8,4,114.0,108.0,6.0,31-11,10-2,8-7,13-2,18-12,5-5,6-4,7-3,11-5,7-6,10-3,10-6,7-2,,,,,,,4-1
0,22020,1610612762,Utah,Jazz,West,Northwest,52,20,0.722,1,31-5,21-15,3-2,39-7,11,2,116.0,107.0,9.0,24-6,7-3,10-0,7-3,28-14,7-5,8-7,13-2,13-3,12-2,9-4,9-7,7-2,,,,,,,2-2
0,22020,1610612751,Brooklyn,Nets,East,Atlantic,48,24,0.667,2,28-8,20-16,3-5,24-11,8,4,119.0,114.0,5.0,26-16,8-4,9-6,9-6,22-8,7-3,9-1,6-4,10-7,9-4,11-2,10-6,5-3,,,,,,,3-2
0,22020,1610612756,Phoenix,Suns,West,Pacific,51,21,0.708,1,27-9,24-12,9-3,23-8,7,3,115.0,109.0,6.0,21-9,7-3,8-2,6-4,30-12,11-4,7-5,12-3,6-7,12-3,11-3,12-4,6-3,,,,,,,4-1
0,22020,1610612743,Denver,Nuggets,West,Northwest,47,25,0.653,2,25-11,22-14,6-4,29-11,8,3,115.0,110.0,5.0,21-9,5-5,9-1,7-3,26-16,9-3,6-9,11-4,11-5,6-7,11-3,13-3,5-4,,,,,,,1-3
0,22020,1610612749,Milwaukee,Bucks,East,Central,46,26,0.639,1,26-10,20-16,6-5,29-12,8,5,120.0,114.0,6.0,30-12,8-7,11-1,11-4,16-14,6-4,5-5,5-5,9-5,10-5,9-4,9-7,7-2,,,,,,,2-3
0,22020,1610612746,LA,Clippers,West,Pacific,47,25,0.653,2,26-10,21-15,3-4,31-7,7,3,114.0,108.0,6.0,20-10,4-6,9-1,7-3,27-15,10-5,9-3,8-7,12-4,8-7,8-5,11-4,4-4,,,,,,,4-1
0,22020,1610612752,New York,Knicks,East,Atlantic,41,31,0.569,3,25-11,16-20,2-9,24-15,9,5,107.0,105.0,2.0,25-17,4-8,11-4,10-5,16-14,4-6,4-6,8-2,7-9,9-5,6-7,11-4,6-3,,,,,,,2-3
0,22020,1610612737,Atlanta,Hawks,East,Southeast,41,31,0.569,1,25-11,16-20,3-3,25-15,8,4,114.0,111.0,2.0,24-18,7-8,8-7,9-3,17-13,5-5,6-4,6-4,7-8,4-11,9-4,11-6,7-1,,,,,,,3-1
0,22020,1610612742,Dallas,Mavericks,West,Southwest,42,30,0.583,1,21-15,21-15,5-4,26-17,5,6,112.0,110.0,2.0,21-9,6-4,6-4,9-1,21-21,8-7,6-9,7-5,7-9,8-4,9-5,10-6,7-3,,,,,,,1-3
0,22020,1610612748,Miami,Heat,East,Southeast,40,32,0.556,2,21-15,19-17,4-5,17-17,6,6,108.0,108.0,0.0,24-18,9-6,9-6,6-6,16-14,5-5,5-5,6-4,5-10,10-5,7-7,9-6,7-2,,,,,,,2-2
0,22020,1610612757,Portland,Trail Blazers,West,Northwest,42,30,0.583,3,20-16,22-14,10-9,19-12,6,5,116.0,114.0,2.0,19-11,7-3,6-4,6-4,23-19,6-6,7-8,10-5,8-6,8-6,11-4,6-10,7-2,,,,,,,2-2
0,22020,1610612738,Boston,Celtics,East,Atlantic,36,36,0.5,4,21-15,15-21,7-5,17-12,6,4,113.0,111.0,1.0,20-22,4-8,7-8,9-6,16-14,6-4,6-4,4-6,7-6,7-9,6-8,11-5,2-6,,,,,,,3-2
0,22020,1610612747,Los Angeles,Lakers,West,Pacific,42,30,0.583,3,21-15,21-15,7-5,22-13,7,4,110.0,107.0,3.0,17-13,4-6,8-2,5-5,25-17,10-5,4-8,11-4,12-4,9-5,6-7,6-9,6-3,,,,,,,3-2
0,22020,1610612763,Memphis,Grizzlies,West,Southwest,38,34,0.528,2,18-18,20-16,3-7,23-21,7,4,113.0,112.0,1.0,19-11,6-4,5-5,8-2,19-23,7-8,6-9,6-6,7-3,7-9,7-8,10-7,6-4,,,,,,,1-3
0,22020,1610612764,Washington,Wizards,East,Southeast,34,38,0.472,3,19-17,15-21,11-8,14-20,8,5,117.0,118.0,-2.0,16-26,4-11,9-6,3-9,18-12,9-1,7-3,2-8,4-7,9-7,4-10,12-5,5-4,,,,,,,0-5
0,22020,1610612744,Golden State,Warriors,West,Pacific,39,33,0.542,4,25-11,14-22,6-4,25-18,6,4,114.0,113.0,1.0,14-16,3-7,8-2,3-7,25-17,10-5,5-7,10-5,9-7,8-7,4-8,8-8,8-1,,,,,,,2-2
0,22020,1610612754,Indiana,Pacers,East,Central,34,38,0.472,2,13-23,21-15,5-4,15-17,3,4,115.0,115.0,0.0,20-22,5-10,7-5,8-7,14-16,5-5,2-8,7-3,7-8,4-8,6-8,8-8,5-5,,,,,,,4-1
0,22020,1610612759,San Antonio,Spurs,West,Southwest,33,39,0.458,3,14-22,19-17,7-8,18-20,3,5,111.0,113.0,-2.0,16-14,3-7,7-3,6-4,17-25,5-10,6-9,6-6,9-7,6-3,7-9,7-10,2-8,,,,,,,2-2
0,22020,1610612766,Charlotte,Hornets,East,Southeast,33,39,0.458,4,18-18,15-21,9-4,14-24,4,5,109.0,111.0,-2.0,20-22,4-11,8-7,8-4,13-17,4-6,4-6,5-5,7-9,7-6,8-5,6-10,3-7,,,,,,,2-2
0,22020,1610612740,New Orleans,Pelicans,West,Southwest,31,41,0.431,4,18-18,13-23,3-10,13-21,4,5,115.0,115.0,0.0,13-17,5-5,5-5,3-7,18-24,5-10,7-8,6-6,4-9,7-8,7-6,7-10,3-6,,,,,,,3-2
0,22020,1610612741,Chicago,Bulls,East,Central,31,41,0.431,3,15-21,16-20,3-5,16-20,3,6,111.0,112.0,-1.0,21-21,7-8,7-5,7-8,10-20,3-7,1-9,6-4,5-8,8-6,4-10,7-10,5-4,,,,,,,2-3
0,22020,1610612758,Sacramento,Kings,West,Pacific,31,41,0.431,5,16-20,15-21,10-5,12-22,5,9,114.0,117.0,-4.0,13-17,4-6,6-4,3-7,18-24,7-8,5-7,6-9,5-9,5-10,9-5,4-11,5-4,,,,,,,3-2
0,22020,1610612761,Toronto,Raptors,East,Atlantic,27,45,0.375,5,16-20,11-25,3-6,17-19,4,9,111.0,112.0,0.0,17-25,4-8,5-10,8-7,10-20,3-7,3-7,4-6,7-9,9-5,1-13,8-7,1-8,,,,,,,1-3
0,22020,1610612739,Cleveland,Cavaliers,East,Central,22,50,0.306,4,13-23,9-27,4-2,11-37,4,11,104.0,112.0,-8.0,16-26,8-7,4-8,4-11,6-24,2-8,0-10,4-6,6-9,4-10,4-9,4-12,1-8,,,,,,,3-2
0,22020,1610612750,Minnesota,Timberwolves,West,Northwest,23,49,0.319,4,13-23,10-26,4-6,9-25,4,9,112.0,118.0,-6.0,8-22,2-8,4-6,2-8,15-27,5-7,4-11,6-9,3-12,2-14,5-8,8-8,3-5,,,,,,,2-2
0,22020,1610612753,Orlando,Magic,East,Southeast,21,51,0.292,5,11-25,10-26,3-5,6-35,4,9,104.0,113.0,-9.0,13-29,2-13,7-8,4-8,8-22,2-8,4-6,2-8,4-12,5-8,3-10,3-13,2-7,,,,,,,4-1
0,22020,1610612760,Oklahoma City,Thunder,West,Northwest,22,50,0.306,5,10-26,12-24,7-5,5-36,3,14,105.0,116.0,-11.0,10-20,4-6,3-7,3-7,12-30,3-9,2-13,7-8,7-7,6-10,6-7,1-15,1-8,,,,,,,1-3
0,22020,1610612745,Houston,Rockets,West,Southwest,17,55,0.236,5,9-27,8-28,3-4,8-37,6,20,109.0,117.0,-8.0,6-24,1-9,2-8,3-7,11-31,3-12,3-12,5-7,8-7,2-12,2-13,3-13,1-8,,,,,,,1-2
0,22020,1610612765,Detroit,Pistons,East,Central,20,52,0.278,5,13-23,7-29,1-8,14-31,2,5,107.0,111.0,-4.0,12-30,7-8,1-11,4-11,8-22,2-8,3-7,3-7,5-11,4-10,4-9,6-10,1-8,,,,,,,0-4
0,22021,1610612748,Miami,Heat,East,Southeast,53,29,0.646,1,29-12,24-17,3-6,31-15,6,4,110.0,106.0,4.0,35-17,10-8,12-6,13-3,18-12,6-4,4-6,8-2,9-6,9-2,8-7,4-1,,,,,,5-1,8-7,10-5
0,22021,1610612756,Phoenix,Suns,West,Pacific,64,18,0.78,1,32-9,32-9,6-2,37-9,18,2,115.0,107.0,8.0,25-5,8-2,9-1,8-2,39-13,14-4,10-6,15-3,13-1,9-3,13-2,2-4,,,,,,2-3,16-0,9-5
0,22021,1610612738,Boston,Celtics,East,Atlantic,51,31,0.622,1,28-13,23-18,3-9,35-9,9,3,112.0,104.0,7.0,33-19,9-7,12-6,12-6,18-12,7-3,5-5,6-4,10-6,9-2,11-3,4-1,,,,,,2-4,9-6,6-9
0,22021,1610612763,Memphis,Grizzlies,West,Southwest,56,26,0.683,1,30-11,26-15,5-3,33-17,11,3,116.0,110.0,6.0,20-10,6-4,9-1,5-5,36-16,10-8,15-3,11-5,12-4,8-2,11-3,2-3,,,,,,3-3,8-7,12-4
0,22021,1610612749,Milwaukee,Bucks,East,Central,51,31,0.622,1,27-14,24-17,4-2,31-15,8,3,115.0,112.0,3.0,33-19,10-8,12-4,11-7,18-12,5-5,7-3,6-4,7-8,6-4,11-3,3-3,,,,,,3-4,10-4,11-5
0,22021,1610612744,Golden State,Warriors,West,Pacific,53,29,0.646,2,31-10,22-19,6-5,34-10,9,5,111.0,105.0,6.0,20-10,6-4,8-2,6-4,33-19,12-6,12-4,9-9,11-6,5-5,5-11,5-0,,,,,,5-1,13-2,9-4
0,22021,1610612755,Philadelphia,76ers,East,Atlantic,51,31,0.622,2,24-17,27-14,6-6,28-11,7,5,110.0,107.0,3.0,32-20,6-10,14-4,12-6,19-11,5-5,6-4,8-2,12-3,6-4,9-7,5-1,,,,,,4-2,7-8,8-6
0,22021,1610612742,Dallas,Mavericks,West,Southwest,52,30,0.634,2,29-12,23-18,7-5,27-14,6,3,108.0,105.0,3.0,16-14,6-4,6-4,4-6,36-16,12-6,10-8,14-2,12-4,7-3,12-4,4-1,,,,,,4-2,6-7,7-9
0,22021,1610612762,Utah,Jazz,West,Northwest,49,33,0.598,1,29-12,20-21,1-6,34-10,8,5,114.0,108.0,6.0,16-14,7-3,4-6,5-5,33-19,15-1,9-9,9-9,4-12,8-1,8-9,3-2,,,,,,5-1,9-6,12-2
0,22021,1610612761,Toronto,Raptors,East,Atlantic,48,34,0.585,3,24-17,24-17,7-6,25-14,8,3,109.0,107.0,2.0,30-22,10-6,8-10,12-6,18-12,5-5,7-3,6-4,10-6,8-4,11-5,4-2,,,,,,4-3,5-10,6-4
0,22021,1610612741,Chicago,Bulls,East,Central,46,36,0.561,2,27-14,19-22,4-4,23-20,9,5,112.0,112.0,0.0,29-23,8-10,10-6,11-7,17-13,8-2,5-5,4-6,8-8,8-5,6-9,1-4,,,,,,5-1,9-7,9-2
0,22021,1610612743,Denver,Nuggets,West,Northwest,48,34,0.585,2,23-18,25-16,8-3,23-20,6,6,113.0,110.0,2.0,19-11,6-4,5-5,8-2,29-23,6-10,13-5,10-8,11-5,8-4,10-6,2-3,,,,,,4-2,6-8,7-6
0,22021,1610612750,Minnesota,Timberwolves,West,Northwest,46,36,0.561,3,26-15,20-21,4-4,28-21,6,6,116.0,113.0,3.0,14-16,4-6,7-3,3-7,32-20,12-4,8-10,12-6,9-6,8-4,10-5,3-2,,,,,,3-2,8-8,5-9
0,22021,1610612751,Brooklyn,Nets,East,Atlantic,44,38,0.537,4,20-21,24-17,8-4,20-20,5,11,113.0,112.0,1.0,31-21,10-6,12-6,9-9,13-17,4-6,3-7,6-4,6-10,3-10,8-7,4-1,,,,,,4-3,11-3,8-4
0,22021,1610612739,Cleveland,Cavaliers,East,Central,44,38,0.537,3,25-16,19-22,10-4,22-19,6,5,108.0,106.0,2.0,27-25,8-10,10-6,9-9,17-13,8-2,4-6,5-5,11-4,5-5,6-10,2-3,,,,,,3-4,8-6,9-6
0,22021,1610612746,LA,Clippers,West,Pacific,42,40,0.512,3,25-16,17-24,10-5,20-21,7,5,108.0,108.0,0.0,16-14,4-6,4-6,8-2,26-26,10-8,9-7,7-11,8-9,6-4,5-9,5-0,,,,,,1-4,10-6,7-8
0,22021,1610612737,Atlanta,Hawks,East,Southeast,43,39,0.524,2,27-14,16-25,7-3,24-18,7,6,114.0,112.0,2.0,26-26,6-12,11-7,9-7,17-13,5-5,6-4,6-4,8-7,5-5,11-6,3-2,,,,,,3-3,8-7,5-9
0,22021,1610612740,New Orleans,Pelicans,West,Southwest,36,46,0.439,3,19-22,17-24,4-3,23-30,4,9,109.0,110.0,-1.0,11-19,2-8,6-4,3-7,25-27,9-9,10-8,6-10,5-10,7-4,8-7,3-3,,,,,,1-6,5-11,7-5
0,22021,1610612759,San Antonio,Spurs,West,Southwest,34,48,0.415,4,16-25,18-23,6-5,19-24,4,6,113.0,113.0,0.0,10-20,2-8,3-7,5-5,24-28,11-7,7-11,6-10,5-12,5-6,7-7,3-3,,,,,,2-4,4-9,8-7
0,22021,1610612766,Charlotte,Hornets,East,Southeast,43,39,0.524,3,22-19,21-20,6-8,24-23,5,6,115.0,115.0,0.0,27-25,8-10,11-7,8-8,16-14,6-4,3-7,7-3,9-6,2-10,10-4,3-2,,,,,,5-2,8-8,6-7
0,22021,1610612752,New York,Knicks,East,Atlantic,37,45,0.451,5,17-24,20-21,5-6,19-23,4,7,106.0,107.0,0.0,22-30,5-11,8-10,9-9,15-15,2-8,6-4,7-3,7-8,1-9,9-7,3-2,,,,,,5-1,6-9,6-9
0,22021,1610612747,Los Angeles,Lakers,West,Pacific,33,49,0.402,4,21-20,12-29,5-7,13-22,4,8,112.0,115.0,-3.0,15-15,4-6,5-5,6-4,18-34,8-10,3-13,7-11,6-8,3-6,4-12,2-4,,,,,,4-3,8-8,6-8
0,22021,1610612758,Sacramento,Kings,West,Pacific,30,52,0.366,5,16-25,14-27,7-8,11-30,3,7,110.0,116.0,-5.0,10-20,1-9,3-7,6-4,20-32,6-12,6-10,8-10,3-12,5-6,5-9,2-3,,,,,,3-3,5-11,7-8
0,22021,1610612764,Washington,Wizards,East,Southeast,35,47,0.427,4,21-20,14-27,12-6,11-27,5,6,109.0,112.0,-3.0,24-28,8-10,9-9,7-9,11-19,5-5,2-8,4-6,5-9,4-7,6-10,2-4,,,,,,5-1,8-7,5-9
0,22021,1610612754,Indiana,Pacers,East,Central,25,57,0.305,4,16-25,9-32,3-14,14-19,3,10,111.0,115.0,-3.0,11-41,5-13,2-14,4-14,14-16,4-6,4-6,6-4,5-11,2-9,4-10,0-5,,,,,,1-6,8-8,5-8
0,22021,1610612757,Portland,Trail Blazers,West,Northwest,27,55,0.329,4,17-24,10-31,1-5,11-41,4,11,106.0,115.0,-9.0,16-14,6-4,5-5,5-5,11-41,1-15,5-13,5-13,8-8,4-6,2-13,0-6,,,,,,3-3,8-8,2-11
0,22021,1610612765,Detroit,Pistons,East,Central,23,59,0.28,5,13-28,10-31,7-6,6-33,3,14,105.0,113.0,-8.0,18-34,5-13,6-10,7-11,5-25,2-8,1-9,2-8,7-9,3-9,6-10,2-3,,,,,,1-5,3-12,1-11
0,22021,1610612760,Oklahoma City,Thunder,West,Northwest,24,58,0.293,5,12-29,12-29,7-6,9-32,4,10,104.0,112.0,-8.0,7-23,4-6,2-8,1-9,17-35,6-10,5-13,6-12,2-12,4-8,3-12,2-4,,,,,,1-5,5-9,7-8
0,22021,1610612745,Houston,Rockets,West,Southwest,20,62,0.244,5,11-30,9-32,3-9,9-44,7,15,110.0,118.0,-8.0,9-21,1-9,3-7,5-5,11-41,6-12,2-16,3-13,4-10,1-9,5-12,0-5,,,,,,1-5,3-11,6-10
0,22021,1610612753,Orlando,Magic,East,Southeast,22,60,0.268,5,12-29,10-31,2-7,6-39,2,10,104.0,112.0,-8.0,12-40,4-14,5-13,3-13,10-20,6-4,1-9,3-7,4-11,4-7,5-10,2-3,,,,,,1-6,3-12,3-11
0,22022,1610612743,Denver,Nuggets,West,Northwest,53,29,0.646,1,34-7,19-22,7-6,29-15,9,4,116.0,112.0,3.0,19-11,4-6,7-3,8-2,34-18,10-6,13-5,11-7,12-4,9-3,7-7,2-3,,,,,,4-3,10-4,9-5
0,22022,1610612749,Milwaukee,Bucks,East,Central,58,24,0.707,1,32-9,26-15,6-1,30-15,16,4,117.0,113.0,4.0,35-17,12-6,11-5,12-6,23-7,9-1,8-2,6-4,11-5,10-0,11-5,3-2,,,,,,6-0,9-5,8-7
0,22022,1610612738,Boston,Celtics,East,Atlantic,57,25,0.695,1,32-9,25-16,5-8,31-11,9,3,118.0,111.0,7.0,34-18,11-5,11-7,12-6,23-7,7-3,7-3,9-1,10-5,8-3,10-6,3-1,,,,,,4-2,14-2,8-6
0,22022,1610612763,Memphis,Grizzlies,West,Southwest,51,31,0.622,1,35-6,16-25,3-6,31-17,11,5,117.0,113.0,4.0,21-9,5-5,8-2,8-2,30-22,9-9,8-10,13-3,10-5,5-5,12-5,2-3,,,,,,4-3,8-6,10-4
0,22022,1610612755,Philadelphia,76ers,East,Atlantic,54,28,0.659,2,29-12,25-16,10-5,26-11,8,3,115.0,111.0,4.0,34-18,10-6,13-5,11-7,20-10,7-3,8-2,5-5,11-3,7-4,12-5,3-2,,,,,,4-4,8-6,9-4
0,22022,1610612758,Sacramento,Kings,West,Pacific,48,34,0.585,1,23-18,25-16,9-7,19-13,7,4,121.0,118.0,3.0,16-14,4-6,7-3,5-5,32-20,11-7,9-7,12-6,9-6,8-4,11-5,1-4,,,,,,2-4,9-5,8-6
0,22022,1610612739,Cleveland,Cavaliers,East,Central,51,31,0.622,2,31-10,20-21,5-8,33-11,8,5,112.0,107.0,5.0,34-18,8-10,13-3,13-5,17-13,4-6,5-5,8-2,8-8,8-3,9-5,3-1,,,,,,5-1,9-7,9-6
0,22022,1610612756,Phoenix,Suns,West,Pacific,45,37,0.549,2,28-13,17-24,4-9,28-17,7,6,114.0,112.0,2.0,15-15,6-4,6-4,3-7,30-22,11-7,9-7,10-8,7-8,6-4,9-6,3-2,,,,,,5-1,10-5,5-11
0,22022,1610612746,LA,Clippers,West,Pacific,44,38,0.537,3,23-18,21-20,4-6,20-21,5,6,114.0,113.0,1.0,17-13,6-4,6-4,5-5,27-25,6-12,9-7,12-6,8-8,4-6,8-6,3-1,,,,,,3-4,10-6,8-7
0,22022,1610612752,New York,Knicks,East,Atlantic,47,35,0.573,3,23-18,24-17,10-4,23-13,9,5,116.0,113.0,3.0,32-20,8-8,12-6,12-6,15-15,7-3,4-6,4-6,8-7,9-2,9-6,2-2,,,,,,3-3,7-9,9-6
0,22022,1610612744,Golden State,Warriors,West,Pacific,44,38,0.537,4,33-8,11-30,4-8,24-16,5,5,119.0,117.0,2.0,14-16,5-5,4-6,5-5,30-22,10-8,7-9,13-5,7-6,6-6,9-7,3-1,,,,,,3-4,8-7,8-7
0,22022,1610612751,Brooklyn,Nets,East,Atlantic,45,37,0.549,4,23-18,22-19,10-4,22-17,12,5,113.0,113.0,1.0,30-22,7-9,7-11,16-2,15-15,6-4,4-6,5-5,7-7,3-8,8-8,3-2,,,,,,2-5,10-6,12-1
0,22022,1610612747,Los Angeles,Lakers,West,Pacific,43,39,0.524,5,23-18,20-21,8-5,19-19,5,5,117.0,117.0,1.0,16-14,3-7,5-5,8-2,27-25,9-9,6-10,12-6,9-7,5-5,10-5,4-1,,,,,,1-5,7-7,7-9
0,22022,1610612748,Miami,Heat,East,Southeast,44,38,0.537,1,27-14,17-24,14-8,12-13,4,4,109.0,110.0,0.0,24-28,6-12,8-10,10-6,20-10,6-4,7-3,7-3,10-5,4-6,7-8,4-1,,,,,,2-5,8-7,9-6
0,22022,1610612737,Atlanta,Hawks,East,Southeast,41,41,0.5,2,24-17,17-24,10-7,19-15,5,4,118.0,118.0,0.0,26-26,6-12,12-6,8-8,15-15,4-6,6-4,5-5,8-7,6-5,7-8,3-2,,,,,,4-3,8-7,5-9
0,22022,1610612750,Minnesota,Timberwolves,West,Northwest,42,40,0.512,2,22-19,20-21,6-7,15-16,5,6,116.0,116.0,0.0,13-17,4-6,5-5,4-6,29-23,8-8,10-8,11-7,11-5,5-6,7-7,3-1,,,,,,4-3,7-8,5-10
0,22022,1610612740,New Orleans,Pelicans,West,Southwest,42,40,0.512,2,27-14,15-26,4-6,25-20,7,10,114.0,112.0,2.0,13-17,4-6,5-5,4-6,29-23,9-9,9-9,11-5,3-13,4-6,9-6,3-2,,,,,,4-2,9-6,10-5
0,22022,1610612761,Toronto,Raptors,East,Atlantic,41,41,0.5,5,27-14,14-27,4-10,23-16,4,6,113.0,111.0,1.0,26-26,4-12,10-8,12-6,15-15,5-5,3-7,7-3,7-9,8-3,7-7,3-2,,,,,,4-3,7-7,5-10
0,22022,1610612741,Chicago,Bulls,East,Central,40,42,0.488,3,22-19,18-23,4-7,24-19,3,6,113.0,112.0,1.0,27-25,9-9,7-9,11-7,13-17,6-4,2-8,5-5,7-7,5-7,9-6,3-2,,,,,,3-4,6-8,7-8
0,22022,1610612760,Oklahoma City,Thunder,West,Northwest,40,42,0.488,3,24-17,16-25,7-7,21-15,4,5,117.0,116.0,1.0,15-15,6-4,5-5,4-6,25-27,9-7,6-12,10-8,9-5,4-7,10-7,2-2,,,,,,3-3,6-10,6-8
0,22022,1610612742,Dallas,Mavericks,West,Southwest,38,44,0.463,3,23-18,15-26,8-12,11-12,7,4,114.0,114.0,0.0,10-20,6-4,2-8,2-8,28-24,9-9,10-8,9-7,6-9,5-6,5-9,1-4,,,,,,3-3,7-7,11-6
0,22022,1610612754,Indiana,Pacers,East,Central,35,47,0.427,4,20-21,15-26,8-7,9-25,5,7,116.0,119.0,-3.0,24-28,7-11,7-9,10-8,11-19,2-8,5-5,4-6,4-11,4-7,6-9,1-3,,,,,,3-5,9-4,8-8
0,22022,1610612762,Utah,Jazz,West,Northwest,37,45,0.451,4,23-18,14-27,10-8,13-16,4,5,117.0,118.0,-1.0,13-17,3-7,4-6,6-4,24-28,6-10,8-10,10-8,7-6,5-6,5-9,1-4,,,,,,6-2,7-9,6-9
0,22022,1610612764,Washington,Wizards,East,Southeast,35,47,0.427,3,19-22,16-25,7-6,19-21,6,10,113.0,114.0,-1.0,21-31,5-13,8-10,8-8,14-16,4-6,3-7,7-3,8-5,5-6,5-11,1-4,,,,,,3-4,8-7,5-10
0,22022,1610612753,Orlando,Magic,East,Southeast,34,48,0.415,4,20-21,14-27,5-6,16-24,6,9,111.0,114.0,-3.0,20-32,8-10,5-13,7-9,14-16,4-6,5-5,5-5,7-7,6-5,7-8,1-4,,,,,,1-6,4-11,8-7
0,22022,1610612757,Portland,Trail Blazers,West,Northwest,33,49,0.402,5,17-24,16-25,8-7,18-28,4,6,113.0,117.0,-4.0,10-20,1-9,3-7,6-4,23-29,7-9,6-12,10-8,6-9,5-6,3-13,1-4,,,,,,5-1,6-10,7-6
0,22022,1610612745,Houston,Rockets,West,Southwest,22,60,0.268,4,14-27,8-33,5-4,6-36,3,13,111.0,119.0,-8.0,10-20,2-8,4-6,4-6,12-40,5-13,3-15,4-12,2-12,1-10,6-11,3-1,,,,,,1-7,4-9,5-10
0,22022,1610612766,Charlotte,Hornets,East,Southeast,27,55,0.329,5,13-28,14-27,3-3,8-35,5,8,111.0,117.0,-6.0,15-37,2-16,6-12,7-9,12-18,4-6,3-7,5-5,5-10,5-6,6-9,1-3,,,,,,3-4,3-11,4-12
0,22022,1610612759,San Antonio,Spurs,West,Southwest,22,60,0.268,5,14-27,8-33,3-3,6-42,3,16,113.0,123.0,-10.0,12-18,3-7,6-4,3-7,10-42,6-12,1-17,3-13,2-13,1-10,4-11,3-2,,,,,,5-2,1-14,6-8
0,22022,1610612765,Detroit,Pistons,East,Central,17,65,0.207,5,9-32,8-33,2-8,6-37,2,11,110.0,119.0,-8.0,8-44,1-17,2-14,5-13,9-21,5-5,2-8,2-8,3-10,2-8,1-14,1-4,,,,,,2-6,3-12,5-11
0,22023,1610612760,Oklahoma City,Thunder,West,Northwest,57,25,0.695,1,33-8,24-17,6-3,32-10,6,3,120.0,113.0,7.0,21-9,6-4,6-4,9-1,36-16,12-4,11-7,13-5,11-6,8-3,11-4,5-3,,,,,,3-1,9-5,10-3
0,22023,1610612738,Boston,Celtics,East,Atlantic,64,18,0.78,1,37-4,27-14,6-7,42-5,11,2,121.0,109.0,11.0,41-11,15-2,13-5,13-4,23-7,6-4,7-3,10-0,11-5,9-1,12-4,6-2,,,,,,3-0,11-4,12-2
0,22023,1610612743,Denver,Nuggets,West,Northwest,57,25,0.695,2,33-8,24-17,6-6,28-10,6,3,115.0,110.0,5.0,24-6,8-2,8-2,8-2,33-19,10-6,11-7,12-6,10-5,8-3,11-4,5-2,,,,,,4-0,9-6,10-5
0,22023,1610612752,New York,Knicks,East,Atlantic,50,32,0.61,2,27-14,23-18,4-3,32-16,9,4,113.0,108.0,5.0,35-17,12-5,11-7,12-5,15-15,5-5,6-4,4-6,14-2,4-8,9-5,6-2,,,,,,2-2,9-5,6-8
0,22023,1610612750,Minnesota,Timberwolves,West,Northwest,56,26,0.683,3,30-11,26-15,7-6,32-10,7,2,113.0,107.0,6.0,19-11,6-4,6-4,7-3,37-15,12-4,10-7,15-4,10-7,8-3,9-6,5-3,,,,,,1-2,13-2,10-3
0,22023,1610612749,Milwaukee,Bucks,East,Central,49,33,0.598,1,31-11,18-22,4-6,25-16,7,4,119.0,116.0,3.0,34-18,12-6,10-7,12-5,15-15,4-6,5-5,6-4,8-8,7-5,8-6,2-6,,,,,,2-1,11-5,11-2
0,22023,1610612739,Cleveland,Cavaliers,East,Central,48,34,0.585,2,26-15,22-19,9-5,24-16,9,3,113.0,110.0,2.0,31-21,9-8,11-5,11-8,17-13,5-5,4-6,8-2,11-2,9-4,7-10,3-4,,,,,,1-3,9-6,8-5
0,22023,1610612746,LA,Clippers,West,Pacific,51,31,0.622,1,25-16,26-15,6-4,28-17,9,6,116.0,112.0,3.0,21-9,6-4,6-4,9-1,30-22,10-9,9-7,11-6,12-3,6-5,10-7,4-4,,,,,,3-1,5-9,11-2
0,22023,1610612753,Orlando,Magic,East,Southeast,47,35,0.573,1,29-12,18-23,6-9,27-20,9,4,110.0,108.0,2.0,32-20,9-8,14-5,9-7,15-15,7-3,2-8,6-4,6-10,9-3,9-5,4-4,,,,,,2-2,11-3,6-8
0,22023,1610612742,Dallas,Mavericks,West,Southwest,50,32,0.61,1,25-16,25-16,5-2,31-21,7,3,118.0,116.0,2.0,19-11,6-4,3-7,10-0,31-21,10-9,10-7,11-5,7-8,8-3,11-4,5-3,,,,,,3-0,8-6,8-8
0,22023,1610612756,Phoenix,Suns,West,Pacific,49,33,0.598,2,25-16,24-17,8-6,29-14,7,3,116.0,113.0,3.0,20-10,4-6,8-2,8-2,29-23,12-5,9-9,8-9,11-5,7-4,8-7,6-2,,,,,,2-2,9-5,6-8
0,22023,1610612754,Indiana,Pacers,East,Central,47,35,0.573,3,26-15,21-20,6-5,30-16,6,4,123.0,120.0,3.0,32-20,10-8,11-6,11-6,15-15,3-7,5-5,7-3,10-7,7-5,8-7,5-2,,,,,,2-1,7-7,8-6
0,22023,1610612740,New Orleans,Pelicans,West,Southwest,49,33,0.598,2,21-19,28-14,1-7,32-18,4,5,115.0,111.0,4.0,19-11,8-2,5-5,6-4,30-22,9-8,12-7,9-7,8-7,8-4,10-4,4-4,,,,,,2-1,8-8,9-5
0,22023,1610612755,Philadelphia,76ers,East,Atlantic,47,35,0.573,3,25-16,22-19,3-4,27-18,8,4,115.0,112.0,3.0,31-21,8-8,8-9,15-4,16-14,6-4,4-6,6-4,7-7,4-8,7-10,7-0,,,,,,2-1,10-5,10-4
0,22023,1610612747,Los Angeles,Lakers,West,Pacific,47,35,0.573,3,28-14,19-21,11-4,20-25,5,4,118.0,117.0,1.0,20-10,6-4,8-2,6-4,27-25,9-8,7-10,11-7,7-8,9-3,9-5,5-2,,,,,,2-2,9-7,6-8
0,22023,1610612748,Miami,Heat,East,Southeast,46,36,0.561,2,22-19,24-17,8-4,21-15,7,7,110.0,108.0,2.0,32-20,8-10,11-7,13-3,14-16,3-7,5-5,6-4,6-10,8-3,8-7,5-3,,,,,,1-3,10-5,8-5
0,22023,1610612741,Chicago,Bulls,East,Central,39,43,0.476,4,20-21,19-22,6-8,12-25,4,5,112.0,114.0,-1.0,22-29,5-12,7-9,10-8,17-14,6-4,3-7,8-3,8-7,5-5,8-8,3-4,,,,,,2-2,4-12,9-5
0,22023,1610612758,Sacramento,Kings,West,Pacific,46,36,0.561,4,24-17,22-19,6-5,26-19,6,4,117.0,115.0,2.0,16-14,5-5,5-5,6-4,30-22,12-5,10-7,8-10,8-7,6-6,10-6,3-5,,,,,,2-1,8-6,9-5
0,22023,1610612737,Atlanta,Hawks,East,Southeast,36,46,0.439,3,21-20,15-26,9-6,15-21,4,6,118.0,121.0,-2.0,22-30,8-11,6-11,8-8,14-16,4-6,4-6,6-4,7-8,6-6,8-7,2-6,,,,,,2-2,7-7,4-10
0,22023,1610612744,Golden State,Warriors,West,Pacific,46,36,0.561,5,21-20,25-16,4-11,24-12,6,6,118.0,115.0,3.0,20-10,7-3,5-5,8-2,26-26,9-10,7-9,10-7,5-7,11-3,9-7,6-2,,,,,,3-1,6-9,6-7
0,22023,1610612751,Brooklyn,Nets,East,Atlantic,32,50,0.39,4,20-21,12-29,4-6,17-28,3,6,110.0,113.0,-3.0,24-28,5-11,8-9,11-8,8-22,2-8,3-7,3-7,4-10,4-8,6-10,3-4,,,,,,1-2,8-7,6-9
0,22023,1610612745,Houston,Rockets,West,Southwest,41,41,0.5,3,27-14,14-27,8-5,23-17,11,5,114.0,113.0,1.0,13-17,3-7,5-5,5-5,28-24,11-8,8-9,9-7,7-10,3-9,13-2,3-5,,,,,,0-3,8-5,7-7
0,22023,1610612761,Toronto,Raptors,East,Atlantic,25,57,0.305,5,14-27,11-30,5-10,10-30,3,15,112.0,119.0,-6.0,18-34,1-15,8-9,9-10,7-23,1-9,2-8,4-6,5-10,5-7,1-14,2-6,,,,,,1-3,8-7,3-10
0,22023,1610612762,Utah,Jazz,West,Northwest,31,51,0.378,4,21-20,10-31,5-8,15-33,6,13,116.0,121.0,-5.0,15-15,5-5,5-5,5-5,16-36,5-11,3-15,8-10,10-6,3-8,2-13,2-5,,,,,,1-3,5-10,8-6
0,22023,1610612766,Charlotte,Hornets,East,Southeast,21,61,0.256,4,11-30,10-31,7-3,5-43,4,11,107.0,117.0,-10.0,14-38,4-14,4-14,6-10,7-23,3-7,1-9,3-7,3-13,5-8,3-12,3-5,,,,,,1-2,5-9,1-12
0,22023,1610612763,Memphis,Grizzlies,West,Southwest,27,55,0.329,4,9-32,18-23,6-3,11-31,4,9,106.0,113.0,-7.0,13-18,3-7,6-5,4-6,14-37,2-16,4-13,8-8,8-7,2-10,4-11,3-5,,,,,,0-4,4-9,6-9
0,22023,1610612759,San Antonio,Spurs,West,Southwest,22,60,0.268,5,12-29,10-31,5-7,12-31,3,18,112.0,119.0,-6.0,8-23,3-7,3-8,2-8,14-37,6-12,5-12,3-13,5-11,2-10,6-9,4-3,,,,,,2-2,1-13,2-12
0,22023,1610612764,Washington,Wizards,East,Southeast,15,67,0.183,5,7-34,8-33,4-5,6-35,3,16,114.0,123.0,-9.0,11-41,2-17,5-12,4-12,4-26,1-9,1-9,2-8,3-12,0-12,5-11,1-6,,,,,,1-2,2-13,3-11
0,22023,1610612765,Detroit,Pistons,East,Central,14,68,0.171,5,7-33,7-35,1-7,8-39,2,28,110.0,119.0,-9.0,10-41,3-14,2-14,5-13,4-27,2-8,1-9,1-10,3-12,3-8,4-12,1-7,,,,,,2-2,0-15,1-12
0,22023,1610612757,Portland,Trail Blazers,West,Northwest,21,61,0.256,5,11-30,10-31,5-6,5-38,3,10,106.0,115.0,-9.0,13-17,5-5,5-5,3-7,8-44,1-15,2-16,5-13,6-11,0-9,4-13,2-6,,,,,,1-3,5-9,3-10
0,22024,1610612739,Cleveland,Cavaliers,East,Central,64,18,0.78,1,34-7,30-11,5-4,41-7,16,4,122.0,112.0,10.0,41-11,16-3,12-4,13-4,23-7,9-1,6-4,8-2,10-5,10-1,11-5,4-3,,,,,,5-0,12-3,12-1
0,22024,1610612760,Oklahoma City,Thunder,West,Northwest,68,14,0.829,1,35-6,32-8,1-4,54-5,15,2,121.0,108.0,13.0,29-1,10-0,9-1,10-0,39-13,12-4,13-3,14-6,10-4,11-2,15-1,5-2,,,,,,4-0,11-4,12-1
0,22024,1610612738,Boston,Celtics,East,Atlantic,61,21,0.744,1,28-13,33-8,8-3,41-7,9,2,116.0,107.0,9.0,39-13,14-2,12-6,13-5,22-8,8-2,7-3,7-3,10-6,8-3,14-1,5-2,,,,,,4-1,12-2,8-6
0,22024,1610612745,Houston,Rockets,West,Southwest,52,30,0.634,1,29-12,23-17,8-5,26-12,9,6,114.0,110.0,5.0,21-9,6-4,7-3,8-2,31-21,9-9,9-9,13-3,11-4,5-7,12-5,3-3,,,,,,3-2,11-4,7-5
0,22024,1610612747,Los Angeles,Lakers,West,Pacific,50,32,0.61,1,31-10,19-22,4-6,22-21,8,4,113.0,112.0,1.0,14-16,7-3,2-8,5-5,36-16,11-8,12-4,13-4,9-5,10-2,9-8,4-3,,,,,,3-2,8-6,7-6
0,22024,1610612752,New York,Knicks,East,Atlantic,51,31,0.622,2,27-14,24-17,7-3,31-19,9,3,116.0,112.0,4.0,34-18,12-4,7-10,15-4,17-13,6-4,4-6,7-3,9-6,7-4,8-7,4-4,,,,,,2-2,9-6,12-2
0,22024,1610612754,Indiana,Pacers,East,Central,50,32,0.61,2,29-11,20-20,6-2,25-17,6,4,117.0,115.0,2.0,29-22,10-7,10-6,9-9,21-10,6-4,8-2,7-4,10-2,7-5,11-6,6-1,,,,,,2-3,7-8,7-7
0,22024,1610612743,Denver,Nuggets,West,Northwest,50,32,0.61,2,26-15,24-17,8-6,31-17,9,4,121.0,117.0,4.0,18-12,6-4,4-6,8-2,32-20,8-8,13-6,11-6,11-6,10-2,8-7,3-4,,,,,,2-2,8-5,8-6
0,22024,1610612746,LA,Clippers,West,Pacific,50,32,0.61,2,30-11,20-21,5-7,32-13,8,3,113.0,108.0,5.0,21-9,7-3,4-6,10-0,29-23,8-10,9-7,12-6,9-6,4-7,11-5,7-0,,,,,,2-3,10-6,7-5
0,22024,1610612749,Milwaukee,Bucks,East,Central,48,34,0.585,3,27-14,20-20,5-9,25-19,8,6,116.0,113.0,2.0,31-21,8-9,9-7,14-5,17-13,5-5,6-4,6-4,9-6,7-5,7-9,8-0,,,,,,1-4,9-5,7-5
0,22024,1610612765,Detroit,Pistons,East,Central,44,38,0.537,4,22-19,22-19,8-6,23-17,8,4,116.0,114.0,2.0,29-23,13-5,5-11,11-7,15-15,4-6,5-5,6-4,10-6,9-3,9-6,2-5,,,,,,1-4,8-9,5-5
0,22024,1610612750,Minnesota,Timberwolves,West,Northwest,49,33,0.598,3,25-16,24-17,11-11,31-9,8,4,114.0,109.0,5.0,16-14,6-4,3-7,7-3,33-19,11-5,12-7,10-7,10-6,5-8,11-3,6-1,,,,,,2-2,7-8,8-5
0,22024,1610612753,Orlando,Magic,East,Southeast,41,41,0.5,1,22-19,19-22,4-7,22-20,6,5,105.0,106.0,0.0,31-21,11-8,8-9,12-4,10-20,0-10,6-4,4-6,4-11,5-7,7-8,5-1,,,,,,3-2,11-5,6-7
0,22024,1610612744,Golden State,Warriors,West,Pacific,48,34,0.585,3,24-17,24-17,6-6,26-15,7,5,114.0,110.0,3.0,19-11,6-4,6-4,7-3,29-23,11-5,5-11,13-7,8-8,8-3,11-4,5-3,,,,,,4-1,8-6,4-9
0,22024,1610612763,Memphis,Grizzlies,West,Southwest,48,34,0.585,2,26-15,22-19,9-6,31-15,6,4,122.0,117.0,5.0,21-10,6-5,6-4,9-1,27-24,9-8,7-11,11-5,9-5,6-5,6-10,4-3,,,,,,3-3,10-4,10-4
0,22024,1610612737,Atlanta,Hawks,East,Southeast,40,42,0.488,2,21-19,19-22,8-6,20-21,6,8,118.0,119.0,-1.0,30-22,10-7,10-9,10-6,10-20,3-7,4-6,3-7,4-11,5-7,9-5,4-4,,,,,,2-3,8-8,8-4
0,22024,1610612741,Chicago,Bulls,East,Central,39,43,0.476,5,18-23,21-20,6-4,23-26,4,6,118.0,119.0,-2.0,28-24,11-7,4-12,13-5,11-19,4-6,4-6,3-7,6-10,3-8,9-6,6-1,,,,,,3-2,5-11,7-5
0,22024,1610612758,Sacramento,Kings,West,Pacific,40,42,0.488,4,20-21,20-21,4-9,22-19,7,6,116.0,115.0,0.0,14-16,4-6,4-6,6-4,26-26,8-11,5-11,13-4,10-4,6-5,6-11,4-3,,,,,,2-2,7-9,5-8
0,22024,1610612742,Dallas,Mavericks,West,Southwest,39,43,0.476,3,22-18,17-25,5-8,17-24,7,5,114.0,115.0,-1.0,16-14,5-5,3-7,8-2,23-29,10-8,5-13,8-8,6-10,6-5,5-11,2-4,,,,,,3-2,9-6,8-5
0,22024,1610612748,Miami,Heat,East,Southeast,37,45,0.451,3,19-22,17-23,3-11,22-18,6,10,111.0,110.0,1.0,24-28,10-8,4-14,10-6,13-17,3-7,4-6,6-4,7-9,5-7,6-11,3-4,,,,,,2-2,7-6,7-6
0,22024,1610612756,Phoenix,Suns,West,Pacific,36,46,0.439,5,24-17,12-29,7-5,13-26,7,8,114.0,117.0,-3.0,14-16,4-6,5-5,5-5,22-30,7-12,9-7,6-11,10-5,3-10,7-8,1-6,,,,,,4-1,7-7,4-9
0,22024,1610612761,Toronto,Raptors,East,Atlantic,30,52,0.366,3,18-23,12-29,7-9,16-28,5,11,111.0,115.0,-4.0,21-31,8-8,2-16,11-7,9-21,3-7,4-6,2-8,8-7,3-9,10-5,2-5,,,,,,1-4,4-11,2-11
0,22024,1610612757,Portland,Trail Blazers,West,Northwest,36,46,0.439,4,22-19,14-27,7-4,19-30,6,6,111.0,114.0,-3.0,17-13,4-6,4-6,9-1,19-33,6-10,6-12,7-11,8-8,8-4,5-10,4-3,,,,,,2-3,6-9,3-9
0,22024,1610612751,Brooklyn,Nets,East,Atlantic,26,56,0.317,4,12-29,14-27,8-7,7-32,3,7,105.0,112.0,-7.0,14-37,3-13,5-13,6-11,12-19,1-9,4-6,7-4,3-13,6-5,4-13,1-5,,,,,,2-3,7-8,3-9
0,22024,1610612755,Philadelphia,76ers,East,Atlantic,24,58,0.293,5,12-29,12-29,4-4,10-35,4,12,110.0,116.0,-6.0,15-37,3-13,5-13,7-11,9-21,3-7,3-7,3-7,6-11,1-10,3-14,1-6,,,,,,1-3,3-11,9-3
0,22024,1610612759,San Antonio,Spurs,West,Southwest,34,48,0.415,4,20-20,13-27,7-7,17-32,4,5,114.0,117.0,-3.0,12-18,6-4,2-8,4-6,22-30,10-8,7-11,5-11,4-8,3-9,7-10,3-5,,,,,,2-3,8-6,7-7
0,22024,1610612766,Charlotte,Hornets,East,Southeast,19,63,0.232,4,12-29,7-34,8-7,5-39,3,10,105.0,114.0,-9.0,10-42,3-15,6-12,1-15,9-21,2-8,2-8,5-5,5-8,2-11,5-12,0-7,,,,,,2-2,4-12,1-11
0,22024,1610612740,New Orleans,Pelicans,West,Southwest,21,61,0.256,5,14-27,7-34,3-8,6-38,4,11,110.0,119.0,-9.0,8-23,2-8,3-8,3-7,13-38,6-12,4-13,3-13,7-9,4-7,5-10,0-7,,,,,,2-3,2-13,1-12
0,22024,1610612762,Utah,Jazz,West,Northwest,17,65,0.207,5,10-31,7-34,5-8,8-37,2,10,112.0,121.0,-9.0,9-21,3-7,2-8,4-6,8-44,3-13,2-17,3-14,3-12,5-8,1-16,1-5,,,,,,0-5,4-10,3-9
0,22024,1610612764,Washington,Wizards,East,Southeast,18,64,0.22,5,8-32,10-31,7-2,5-53,3,16,108.0,120.0,-12.0,13-39,4-14,2-16,7-9,5-25,4-6,1-9,0-10,1-16,4-7,6-11,2-5,,,,,,2-2,0-14,3-9
